province,total_housing_starts,single_detached_starts,multiples_starts,semi_detached_starts,row_housing_starts,apartment_starts,quarter,year,quarter_date
Alberta,5651.0,3976.0,1675.0,749.0,436.0,490.0,Q1,2010,2010-03-31
Alberta,8238.0,5580.0,2658.0,743.0,824.0,1091.0,Q2,2010,2010-06-30
Alberta,7437.0,4639.0,2798.0,683.0,565.0,1550.0,Q3,2010,2010-09-30
Alberta,5762.0,3656.0,2106.0,562.0,771.0,773.0,Q4,2010,2010-12-31
Alberta,4211.0,2462.0,1749.0,466.0,485.0,798.0,Q1,2011,2011-03-31
Alberta,6281.0,4190.0,2091.0,778.0,641.0,672.0,Q2,2011,2011-06-30
Alberta,7589.0,4621.0,2968.0,769.0,623.0,1576.0,Q3,2011,2011-09-30
Alberta,7623.0,3920.0,3703.0,798.0,724.0,2181.0,Q4,2011,2011-12-31
Alberta,6484.0,3113.0,3371.0,713.0,651.0,2007.0,Q1,2012,2012-03-31
Alberta,9436.0,4855.0,4581.0,992.0,1030.0,2559.0,Q2,2012,2012-06-30
Alberta,8952.0,5176.0,3776.0,1151.0,961.0,1664.0,Q3,2012,2012-09-30
Alberta,8524.0,4349.0,4175.0,1030.0,673.0,2472.0,Q4,2012,2012-12-31
Alberta,6989.0,3549.0,3440.0,954.0,800.0,1686.0,Q1,2013,2013-03-31
Alberta,10435.0,5108.0,5327.0,1019.0,1098.0,3210.0,Q2,2013,2013-06-30
Alberta,8868.0,5255.0,3613.0,1072.0,955.0,1586.0,Q3,2013,2013-09-30
Alberta,9719.0,4519.0,5200.0,952.0,1139.0,3109.0,Q4,2013,2013-12-31
Alberta,8152.0,3691.0,4461.0,984.0,765.0,2712.0,Q1,2014,2014-03-31
Alberta,11231.0,5050.0,6181.0,1325.0,1382.0,3474.0,Q2,2014,2014-06-30
Alberta,11692.0,5927.0,5765.0,1174.0,1293.0,3298.0,Q3,2014,2014-09-30
Alberta,9515.0,4895.0,4620.0,1297.0,1161.0,2162.0,Q4,2014,2014-12-31
Alberta,10183.0,3524.0,6659.0,918.0,1251.0,4490.0,Q1,2015,2015-03-31
Alberta,9302.0,3917.0,5385.0,1181.0,1129.0,3075.0,Q2,2015,2015-06-30
Alberta,9403.0,3815.0,5588.0,1009.0,1257.0,3322.0,Q3,2015,2015-09-30
Alberta,8394.0,3301.0,5093.0,845.0,1022.0,3226.0,Q4,2015,2015-12-31
Alberta,4925.0,2253.0,2672.0,651.0,703.0,1318.0,Q1,2016,2016-03-31
Alberta,6410.0,2752.0,3658.0,838.0,799.0,2021.0,Q2,2016,2016-06-30
Alberta,6611.0,3253.0,3358.0,836.0,781.0,1741.0,Q3,2016,2016-09-30
Alberta,6587.0,3163.0,3424.0,947.0,631.0,1846.0,Q4,2016,2016-12-31
Alberta,5800.0,2476.0,3324.0,729.0,662.0,1933.0,Q1,2017,2017-03-31
Alberta,8157.0,3841.0,4316.0,947.0,1149.0,2220.0,Q2,2017,2017-06-30
Alberta,8018.0,4175.0,3843.0,1101.0,1045.0,1697.0,Q3,2017,2017-09-30
Alberta,7482.0,3459.0,4023.0,877.0,964.0,2182.0,Q4,2017,2017-12-31
Alberta,5476.0,2544.0,2932.0,691.0,1037.0,1204.0,Q1,2018,2018-03-31
Alberta,7693.0,3332.0,4361.0,960.0,671.0,2730.0,Q2,2018,2018-06-30
Alberta,7644.0,3286.0,4358.0,832.0,983.0,2543.0,Q3,2018,2018-09-30
Alberta,5272.0,2502.0,2770.0,655.0,975.0,1140.0,Q4,2018,2018-12-31
Alberta,4593.0,1809.0,2784.0,436.0,916.0,1432.0,Q1,2019,2019-03-31
Alberta,6908.0,2775.0,4133.0,790.0,1008.0,2335.0,Q2,2019,2019-06-30
Alberta,8212.0,3049.0,5163.0,780.0,776.0,3607.0,Q3,2019,2019-09-30
Alberta,7612.0,2881.0,4731.0,781.0,966.0,2984.0,Q4,2019,2019-12-31
Alberta,5200.0,2232.0,2968.0,622.0,822.0,1524.0,Q1,2020,2020-03-31
Alberta,4955.0,2086.0,2869.0,546.0,521.0,1802.0,Q2,2020,2020-06-30
Alberta,6180.0,2497.0,3683.0,608.0,820.0,2255.0,Q3,2020,2020-09-30
Alberta,7688.0,2955.0,4733.0,776.0,775.0,3182.0,Q4,2020,2020-12-31
Alberta,6073.0,2706.0,3367.0,638.0,827.0,1902.0,Q1,2021,2021-03-31
Alberta,8677.0,4147.0,4530.0,1005.0,1002.0,2523.0,Q2,2021,2021-06-30
Alberta,7839.0,3980.0,3859.0,680.0,960.0,2219.0,Q3,2021,2021-09-30
Alberta,9346.0,3661.0,5685.0,696.0,1060.0,3929.0,Q4,2021,2021-12-31
Alberta,6392.0,2714.0,3678.0,564.0,797.0,2317.0,Q1,2022,2022-03-31
Alberta,11115.0,4637.0,6478.0,839.0,1331.0,4308.0,Q2,2022,2022-06-30
Alberta,10134.0,4410.0,5724.0,792.0,1217.0,3715.0,Q3,2022,2022-09-30
Alberta,8903.0,3030.0,5873.0,664.0,1209.0,4000.0,Q4,2022,2022-12-31
Alberta,6265.0,2094.0,4171.0,532.0,1036.0,2603.0,Q1,2023,2023-03-31
Alberta,8000.0,3208.0,4792.0,758.0,1425.0,2609.0,Q2,2023,2023-06-30
Alberta,11014.0,3547.0,7467.0,801.0,1469.0,5197.0,Q3,2023,2023-09-30
Alberta,10743.0,4010.0,6733.0,839.0,1735.0,4159.0,Q4,2023,2023-12-31
Alberta,9940.0,2891.0,7049.0,801.0,1323.0,4925.0,Q1,2024,2024-03-31
Alberta,11879.0,4218.0,7661.0,1000.0,1683.0,4978.0,Q2,2024,2024-06-30
Alberta,12621.0,4657.0,7964.0,1040.0,1690.0,5234.0,Q3,2024,2024-09-30
Alberta,13387.0,4639.0,8748.0,957.0,2107.0,5684.0,Q4,2024,2024-12-31
Alberta,11708.0,3442.0,8266.0,875.0,1582.0,5809.0,Q1,2025,2025-03-31
Alberta,17000.0,4936.0,12064.0,1204.0,2328.0,8532.0,Q2,2025,2025-06-30
Alberta,13230.0,4346.0,8884.0,1123.0,1755.0,6006.0,Q3,2025,2025-09-30
Atlantic provinces,,,,,,,Q1,2010,2010-03-31
Atlantic provinces,,,,,,,Q2,2010,2010-06-30
Atlantic provinces,,,,,,,Q3,2010,2010-09-30
Atlantic provinces,,,,,,,Q4,2010,2010-12-31
Atlantic provinces,,,,,,,Q1,2011,2011-03-31
Atlantic provinces,,,,,,,Q2,2011,2011-06-30
Atlantic provinces,,,,,,,Q3,2011,2011-09-30
Atlantic provinces,,,,,,,Q4,2011,2011-12-31
Atlantic provinces,,,,,,,Q1,2012,2012-03-31
Atlantic provinces,,,,,,,Q2,2012,2012-06-30
Atlantic provinces,,,,,,,Q3,2012,2012-09-30
Atlantic provinces,,,,,,,Q4,2012,2012-12-31
Atlantic provinces,,,,,,,Q1,2013,2013-03-31
Atlantic provinces,,,,,,,Q2,2013,2013-06-30
Atlantic provinces,,,,,,,Q3,2013,2013-09-30
Atlantic provinces,,,,,,,Q4,2013,2013-12-31
Atlantic provinces,,,,,,,Q1,2014,2014-03-31
Atlantic provinces,,,,,,,Q2,2014,2014-06-30
Atlantic provinces,,,,,,,Q3,2014,2014-09-30
Atlantic provinces,,,,,,,Q4,2014,2014-12-31
Atlantic provinces,,,,,,,Q1,2015,2015-03-31
Atlantic provinces,,,,,,,Q2,2015,2015-06-30
Atlantic provinces,,,,,,,Q3,2015,2015-09-30
Atlantic provinces,,,,,,,Q4,2015,2015-12-31
Atlantic provinces,,,,,,,Q1,2016,2016-03-31
Atlantic provinces,,,,,,,Q2,2016,2016-06-30
Atlantic provinces,,,,,,,Q3,2016,2016-09-30
Atlantic provinces,,,,,,,Q4,2016,2016-12-31
Atlantic provinces,,,,,,,Q1,2017,2017-03-31
Atlantic provinces,,,,,,,Q2,2017,2017-06-30
Atlantic provinces,,,,,,,Q3,2017,2017-09-30
Atlantic provinces,,,,,,,Q4,2017,2017-12-31
Atlantic provinces,,,,,,,Q1,2018,2018-03-31
Atlantic provinces,,,,,,,Q2,2018,2018-06-30
Atlantic provinces,,,,,,,Q3,2018,2018-09-30
Atlantic provinces,,,,,,,Q4,2018,2018-12-31
Atlantic provinces,,,,,,,Q1,2019,2019-03-31
Atlantic provinces,,,,,,,Q2,2019,2019-06-30
Atlantic provinces,,,,,,,Q3,2019,2019-09-30
Atlantic provinces,,,,,,,Q4,2019,2019-12-31
Atlantic provinces,,,,,,,Q1,2020,2020-03-31
Atlantic provinces,,,,,,,Q2,2020,2020-06-30
Atlantic provinces,,,,,,,Q3,2020,2020-09-30
Atlantic provinces,,,,,,,Q4,2020,2020-12-31
Atlantic provinces,,,,,,,Q1,2021,2021-03-31
Atlantic provinces,,,,,,,Q2,2021,2021-06-30
Atlantic provinces,,,,,,,Q3,2021,2021-09-30
Atlantic provinces,,,,,,,Q4,2021,2021-12-31
Atlantic provinces,,,,,,,Q1,2022,2022-03-31
Atlantic provinces,,,,,,,Q2,2022,2022-06-30
Atlantic provinces,,,,,,,Q3,2022,2022-09-30
Atlantic provinces,,,,,,,Q4,2022,2022-12-31
Atlantic provinces,,,,,,,Q1,2023,2023-03-31
Atlantic provinces,,,,,,,Q2,2023,2023-06-30
Atlantic provinces,,,,,,,Q3,2023,2023-09-30
Atlantic provinces,,,,,,,Q4,2023,2023-12-31
Atlantic provinces,,,,,,,Q1,2024,2024-03-31
Atlantic provinces,,,,,,,Q2,2024,2024-06-30
Atlantic provinces,,,,,,,Q3,2024,2024-09-30
Atlantic provinces,,,,,,,Q4,2024,2024-12-31
Atlantic provinces,,,,,,,Q1,2025,2025-03-31
Atlantic provinces,,,,,,,Q2,2025,2025-06-30
Atlantic provinces,,,,,,,Q3,2025,2025-09-30
British Columbia,5824.0,2518.0,3306.0,340.0,593.0,2373.0,Q1,2010,2010-03-31
British Columbia,7052.0,3608.0,3444.0,394.0,811.0,2239.0,Q2,2010,2010-06-30
British Columbia,7259.0,3101.0,4158.0,428.0,1056.0,2674.0,Q3,2010,2010-09-30
British Columbia,6344.0,2235.0,4109.0,292.0,1025.0,2792.0,Q4,2010,2010-12-31
British Columbia,5411.0,1414.0,3997.0,209.0,746.0,3042.0,Q1,2011,2011-03-31
British Columbia,6818.0,2522.0,4296.0,314.0,1029.0,2953.0,Q2,2011,2011-06-30
British Columbia,7551.0,2776.0,4775.0,312.0,961.0,3502.0,Q3,2011,2011-09-30
British Columbia,6620.0,2155.0,4465.0,247.0,911.0,3307.0,Q4,2011,2011-12-31
British Columbia,6150.0,1538.0,4612.0,203.0,792.0,3617.0,Q1,2012,2012-03-31
British Columbia,7619.0,2327.0,5292.0,309.0,954.0,4029.0,Q2,2012,2012-06-30
British Columbia,7632.0,2516.0,5116.0,295.0,716.0,4105.0,Q3,2012,2012-09-30
British Columbia,6064.0,1952.0,4112.0,271.0,739.0,3102.0,Q4,2012,2012-12-31
British Columbia,5269.0,1546.0,3723.0,214.0,683.0,2826.0,Q1,2013,2013-03-31
British Columbia,6644.0,2129.0,4515.0,278.0,751.0,3486.0,Q2,2013,2013-06-30
British Columbia,7993.0,2564.0,5429.0,275.0,815.0,4339.0,Q3,2013,2013-09-30
British Columbia,7148.0,2283.0,4865.0,306.0,854.0,3705.0,Q4,2013,2013-12-31
British Columbia,5730.0,1647.0,4083.0,232.0,700.0,3151.0,Q1,2014,2014-03-31
British Columbia,7276.0,2534.0,4742.0,341.0,874.0,3527.0,Q2,2014,2014-06-30
British Columbia,8252.0,2797.0,5455.0,439.0,943.0,4073.0,Q3,2014,2014-09-30
British Columbia,7098.0,2591.0,4507.0,397.0,1034.0,3076.0,Q4,2014,2014-12-31
British Columbia,6382.0,1938.0,4444.0,318.0,774.0,3352.0,Q1,2015,2015-03-31
British Columbia,8506.0,2783.0,5723.0,329.0,859.0,4535.0,Q2,2015,2015-06-30
British Columbia,8265.0,2883.0,5382.0,277.0,1052.0,4053.0,Q3,2015,2015-09-30
British Columbia,8293.0,2548.0,5745.0,278.0,1066.0,4401.0,Q4,2015,2015-12-31
British Columbia,10016.0,2658.0,7358.0,263.0,990.0,6105.0,Q1,2016,2016-03-31
British Columbia,11277.0,3085.0,8192.0,329.0,1239.0,6624.0,Q2,2016,2016-06-30
British Columbia,10904.0,3557.0,7347.0,356.0,1257.0,5734.0,Q3,2016,2016-09-30
British Columbia,9646.0,2978.0,6668.0,243.0,1147.0,5278.0,Q4,2016,2016-12-31
British Columbia,8058.0,2100.0,5958.0,164.0,862.0,4932.0,Q1,2017,2017-03-31
British Columbia,11568.0,3522.0,8046.0,258.0,1280.0,6508.0,Q2,2017,2017-06-30
British Columbia,11039.0,3478.0,7561.0,327.0,1297.0,5937.0,Q3,2017,2017-09-30
British Columbia,12999.0,3246.0,9753.0,400.0,1451.0,7902.0,Q4,2017,2017-12-31
British Columbia,9754.0,2225.0,7529.0,229.0,1063.0,6237.0,Q1,2018,2018-03-31
British Columbia,10454.0,3111.0,7343.0,309.0,879.0,6155.0,Q2,2018,2018-06-30
British Columbia,10240.0,3007.0,7233.0,264.0,1104.0,5865.0,Q3,2018,2018-09-30
British Columbia,10409.0,2820.0,7589.0,318.0,1240.0,6031.0,Q4,2018,2018-12-31
British Columbia,8943.0,1598.0,7345.0,239.0,947.0,6159.0,Q1,2019,2019-03-31
British Columbia,14522.0,2759.0,11763.0,286.0,1155.0,10322.0,Q2,2019,2019-06-30
British Columbia,11021.0,2429.0,8592.0,355.0,1214.0,7023.0,Q3,2019,2019-09-30
British Columbia,10446.0,2006.0,8440.0,256.0,1174.0,7010.0,Q4,2019,2019-12-31
British Columbia,7918.0,1704.0,6214.0,297.0,964.0,4953.0,Q1,2020,2020-03-31
British Columbia,9354.0,2186.0,7168.0,311.0,998.0,5859.0,Q2,2020,2020-06-30
British Columbia,9942.0,2355.0,7587.0,291.0,1119.0,6177.0,Q3,2020,2020-09-30
British Columbia,10520.0,2274.0,8246.0,289.0,1198.0,6759.0,Q4,2020,2020-12-31
British Columbia,11897.0,2216.0,9681.0,331.0,1342.0,8008.0,Q1,2021,2021-03-31
British Columbia,13427.0,3199.0,10228.0,434.0,1292.0,8502.0,Q2,2021,2021-06-30
British Columbia,11439.0,3000.0,8439.0,337.0,1291.0,6811.0,Q3,2021,2021-09-30
British Columbia,10844.0,2610.0,8234.0,343.0,1149.0,6742.0,Q4,2021,2021-12-31
British Columbia,8082.0,1993.0,6089.0,379.0,846.0,4864.0,Q1,2022,2022-03-31
British Columbia,13178.0,2939.0,10239.0,600.0,1220.0,8419.0,Q2,2022,2022-06-30
British Columbia,12877.0,2748.0,10129.0,438.0,1486.0,8205.0,Q3,2022,2022-09-30
British Columbia,12584.0,2226.0,10358.0,352.0,839.0,9167.0,Q4,2022,2022-12-31
British Columbia,11141.0,1343.0,9798.0,396.0,1055.0,8347.0,Q1,2023,2023-03-31
British Columbia,14307.0,2198.0,12109.0,531.0,863.0,10715.0,Q2,2023,2023-06-30
British Columbia,11514.0,1859.0,9655.0,370.0,632.0,8653.0,Q3,2023,2023-09-30
British Columbia,13528.0,1565.0,11963.0,280.0,1158.0,10525.0,Q4,2023,2023-12-31
British Columbia,11051.0,1026.0,10025.0,297.0,666.0,9062.0,Q1,2024,2024-03-31
British Columbia,12090.0,1584.0,10506.0,388.0,750.0,9368.0,Q2,2024,2024-06-30
British Columbia,10839.0,1574.0,9265.0,379.0,906.0,7980.0,Q3,2024,2024-09-30
British Columbia,11848.0,1366.0,10482.0,363.0,792.0,9327.0,Q4,2024,2024-12-31
British Columbia,7856.0,973.0,6883.0,320.0,649.0,5914.0,Q1,2025,2025-03-31
British Columbia,13705.0,1462.0,12243.0,542.0,1133.0,10568.0,Q2,2025,2025-06-30
British Columbia,12138.0,1501.0,10637.0,582.0,917.0,9138.0,Q3,2025,2025-09-30
Canada,35014.0,16889.0,18125.0,2589.0,3565.0,11971.0,Q1,2010,2010-03-31
Canada,55287.0,28958.0,26329.0,4126.0,5483.0,16720.0,Q2,2010,2010-06-30
Canada,52671.0,25929.0,26742.0,3194.0,5461.0,18087.0,Q3,2010,2010-09-30
Canada,46958.0,20778.0,26180.0,3097.0,5348.0,17735.0,Q4,2010,2010-12-31
Canada,33553.0,12265.0,21288.0,2091.0,3318.0,15879.0,Q1,2011,2011-03-31
Canada,52625.0,23677.0,28948.0,3857.0,5166.0,19925.0,Q2,2011,2011-06-30
Canada,55615.0,24803.0,30812.0,3196.0,5173.0,22443.0,Q3,2011,2011-09-30
Canada,52157.0,21647.0,30510.0,3426.0,5790.0,21294.0,Q4,2011,2011-12-31
Canada,39902.0,13116.0,26786.0,2495.0,4757.0,19534.0,Q1,2012,2012-03-31
Canada,62025.0,24812.0,37213.0,4119.0,5694.0,27400.0,Q2,2012,2012-06-30
Canada,60338.0,24896.0,35442.0,3872.0,5788.0,25782.0,Q3,2012,2012-09-30
Canada,52562.0,20833.0,31729.0,3799.0,4737.0,23193.0,Q4,2012,2012-12-31
Canada,33477.0,12065.0,21412.0,2318.0,3557.0,15537.0,Q1,2013,2013-03-31
Canada,51259.0,22490.0,28769.0,3760.0,5345.0,19664.0,Q2,2013,2013-06-30
Canada,52734.0,22667.0,30067.0,3398.0,5682.0,20987.0,Q3,2013,2013-09-30
Canada,50453.0,19671.0,30782.0,3068.0,5409.0,22305.0,Q4,2013,2013-12-31
Canada,33923.0,11217.0,22706.0,2369.0,3556.0,16781.0,Q1,2014,2014-03-31
Canada,53281.0,21494.0,31787.0,4018.0,6353.0,21416.0,Q2,2014,2014-06-30
Canada,53961.0,23265.0,30696.0,3607.0,5749.0,21340.0,Q3,2014,2014-09-30
Canada,48164.0,19539.0,28625.0,3413.0,5790.0,19422.0,Q4,2014,2014-12-31
Canada,35175.0,10266.0,24909.0,2102.0,3355.0,19452.0,Q1,2015,2015-03-31
Canada,52248.0,19284.0,32964.0,3279.0,6498.0,23187.0,Q2,2015,2015-06-30
Canada,57427.0,20397.0,37030.0,2964.0,5678.0,28388.0,Q3,2015,2015-09-30
Canada,50685.0,18178.0,32507.0,2702.0,6080.0,23725.0,Q4,2015,2015-12-31
Canada,38175.0,11819.0,26356.0,1873.0,3877.0,20606.0,Q1,2016,2016-03-31
Canada,53286.0,19826.0,33460.0,3174.0,6088.0,24198.0,Q2,2016,2016-06-30
Canada,54899.0,21774.0,33125.0,2918.0,6426.0,23781.0,Q3,2016,2016-09-30
Canada,51555.0,20670.0,30885.0,2865.0,6262.0,21758.0,Q4,2016,2016-12-31
Canada,42862.0,12835.0,30027.0,2189.0,5201.0,22637.0,Q1,2017,2017-03-31
Canada,55085.0,21499.0,33586.0,3293.0,6929.0,23364.0,Q2,2017,2017-06-30
Canada,61174.0,23037.0,38137.0,3584.0,8070.0,26483.0,Q3,2017,2017-09-30
Canada,60642.0,19472.0,41170.0,3225.0,7846.0,30099.0,Q4,2017,2017-12-31
Canada,44174.0,11904.0,32270.0,2173.0,4502.0,25595.0,Q1,2018,2018-03-31
Canada,57726.0,19136.0,38590.0,3381.0,5776.0,29433.0,Q2,2018,2018-06-30
Canada,53183.0,18293.0,34890.0,2848.0,6052.0,25990.0,Q3,2018,2018-09-30
Canada,57760.0,16607.0,41153.0,2590.0,7180.0,31383.0,Q4,2018,2018-12-31
Canada,37283.0,8179.0,29104.0,1564.0,4716.0,22824.0,Q1,2019,2019-03-31
Canada,58989.0,15280.0,43709.0,2797.0,6710.0,34202.0,Q2,2019,2019-06-30
Canada,59182.0,17521.0,41661.0,2877.0,6934.0,31850.0,Q3,2019,2019-09-30
Canada,53231.0,14889.0,38342.0,2780.0,6787.0,28775.0,Q4,2019,2019-12-31
Canada,39938.0,9992.0,29946.0,1987.0,4914.0,23045.0,Q1,2020,2020-03-31
Canada,51250.0,13912.0,37338.0,2730.0,5220.0,29388.0,Q2,2020,2020-06-30
Canada,62951.0,17164.0,45787.0,2861.0,6739.0,36187.0,Q3,2020,2020-09-30
Canada,63741.0,18955.0,44786.0,3820.0,6635.0,34331.0,Q4,2020,2020-12-31
Canada,58493.0,15271.0,43222.0,2868.0,5665.0,34689.0,Q1,2021,2021-03-31
Canada,74632.0,24100.0,50532.0,4209.0,7645.0,38678.0,Q2,2021,2021-06-30
Canada,69115.0,22854.0,46261.0,3026.0,7566.0,35669.0,Q3,2021,2021-09-30
Canada,68958.0,19891.0,49067.0,3173.0,7718.0,38176.0,Q4,2021,2021-12-31
Canada,48357.0,12937.0,35420.0,2411.0,5018.0,27991.0,Q1,2022,2022-03-31
Canada,72314.0,20629.0,51685.0,3557.0,8751.0,39377.0,Q2,2022,2022-06-30
Canada,73548.0,21772.0,51776.0,2993.0,8697.0,40086.0,Q3,2022,2022-09-30
Canada,67630.0,17309.0,50321.0,2468.0,7269.0,40584.0,Q4,2022,2022-12-31
Canada,46851.0,10024.0,36827.0,1813.0,5089.0,29925.0,Q1,2023,2023-03-31
Canada,64042.0,14902.0,49140.0,2655.0,6212.0,40273.0,Q2,2023,2023-06-30
Canada,66678.0,15292.0,51386.0,2612.0,6982.0,41792.0,Q3,2023,2023-09-30
Canada,62696.0,14398.0,48298.0,2360.0,6940.0,38998.0,Q4,2023,2023-12-31
Canada,52859.0,9241.0,43618.0,2095.0,4475.0,37048.0,Q1,2024,2024-03-31
Canada,65739.0,14198.0,51541.0,2897.0,6909.0,41735.0,Q2,2024,2024-06-30
Canada,62135.0,15112.0,47023.0,2616.0,6915.0,37492.0,Q3,2024,2024-09-30
Canada,64634.0,15957.0,48677.0,2858.0,7167.0,38652.0,Q4,2024,2024-12-31
Canada,47309.0,8527.0,38782.0,2054.0,5068.0,31660.0,Q1,2025,2025-03-31
Canada,74657.0,15454.0,59203.0,3391.0,7084.0,48728.0,Q2,2025,2025-06-30
Canada,70446.0,15860.0,54586.0,3130.0,6387.0,45069.0,Q3,2025,2025-09-30
Manitoba,860.0,523.0,337.0,24.0,48.0,265.0,Q1,2010,2010-03-31
Manitoba,1701.0,1329.0,372.0,46.0,95.0,231.0,Q2,2010,2010-06-30
Manitoba,1987.0,1267.0,720.0,62.0,92.0,566.0,Q3,2010,2010-09-30
Manitoba,1340.0,857.0,483.0,49.0,152.0,282.0,Q4,2010,2010-12-31
Manitoba,732.0,497.0,235.0,31.0,72.0,132.0,Q1,2011,2011-03-31
Manitoba,1673.0,1047.0,626.0,97.0,114.0,415.0,Q2,2011,2011-06-30
Manitoba,1913.0,1289.0,624.0,69.0,254.0,301.0,Q3,2011,2011-09-30
Manitoba,1765.0,998.0,767.0,46.0,232.0,489.0,Q4,2011,2011-12-31
Manitoba,1156.0,593.0,563.0,68.0,91.0,404.0,Q1,2012,2012-03-31
Manitoba,2163.0,1236.0,927.0,95.0,153.0,679.0,Q2,2012,2012-06-30
Manitoba,2366.0,1351.0,1015.0,96.0,104.0,815.0,Q3,2012,2012-09-30
Manitoba,1557.0,989.0,568.0,87.0,190.0,291.0,Q4,2012,2012-12-31
Manitoba,1297.0,555.0,742.0,38.0,57.0,647.0,Q1,2013,2013-03-31
Manitoba,1981.0,1115.0,866.0,111.0,197.0,558.0,Q2,2013,2013-06-30
Manitoba,2358.0,1173.0,1185.0,125.0,248.0,812.0,Q3,2013,2013-09-30
Manitoba,1829.0,977.0,852.0,74.0,271.0,507.0,Q4,2013,2013-12-31
Manitoba,676.0,436.0,240.0,44.0,67.0,129.0,Q1,2014,2014-03-31
Manitoba,1907.0,917.0,990.0,76.0,229.0,685.0,Q2,2014,2014-06-30
Manitoba,2370.0,1070.0,1300.0,88.0,220.0,992.0,Q3,2014,2014-09-30
Manitoba,1267.0,726.0,541.0,86.0,136.0,319.0,Q4,2014,2014-12-31
Manitoba,967.0,412.0,555.0,56.0,97.0,402.0,Q1,2015,2015-03-31
Manitoba,1348.0,640.0,708.0,61.0,196.0,451.0,Q2,2015,2015-06-30
Manitoba,1981.0,697.0,1284.0,119.0,159.0,1006.0,Q3,2015,2015-09-30
Manitoba,1205.0,576.0,629.0,146.0,111.0,372.0,Q4,2015,2015-12-31
Manitoba,864.0,408.0,456.0,70.0,51.0,335.0,Q1,2016,2016-03-31
Manitoba,1430.0,744.0,686.0,72.0,193.0,421.0,Q2,2016,2016-06-30
Manitoba,1645.0,785.0,860.0,77.0,169.0,614.0,Q3,2016,2016-09-30
Manitoba,1379.0,767.0,612.0,75.0,70.0,467.0,Q4,2016,2016-12-31
Manitoba,2012.0,712.0,1300.0,86.0,220.0,994.0,Q1,2017,2017-03-31
Manitoba,2065.0,941.0,1124.0,119.0,195.0,810.0,Q2,2017,2017-06-30
Manitoba,1727.0,962.0,765.0,182.0,115.0,468.0,Q3,2017,2017-09-30
Manitoba,1697.0,774.0,923.0,188.0,352.0,383.0,Q4,2017,2017-12-31
Manitoba,1228.0,521.0,707.0,56.0,200.0,451.0,Q1,2018,2018-03-31
Manitoba,1698.0,873.0,825.0,81.0,171.0,573.0,Q2,2018,2018-06-30
Manitoba,2567.0,926.0,1641.0,100.0,310.0,1231.0,Q3,2018,2018-09-30
Manitoba,1883.0,646.0,1237.0,99.0,212.0,926.0,Q4,2018,2018-12-31
Manitoba,1336.0,497.0,839.0,111.0,117.0,611.0,Q1,2019,2019-03-31
Manitoba,2247.0,751.0,1496.0,98.0,89.0,1309.0,Q2,2019,2019-06-30
Manitoba,1716.0,793.0,923.0,110.0,216.0,597.0,Q3,2019,2019-09-30
Manitoba,1647.0,699.0,948.0,127.0,227.0,594.0,Q4,2019,2019-12-31
Manitoba,1307.0,524.0,783.0,55.0,100.0,628.0,Q1,2020,2020-03-31
Manitoba,1757.0,632.0,1125.0,100.0,195.0,830.0,Q2,2020,2020-06-30
Manitoba,1654.0,784.0,870.0,151.0,237.0,482.0,Q3,2020,2020-09-30
Manitoba,2596.0,818.0,1778.0,109.0,354.0,1315.0,Q4,2020,2020-12-31
Manitoba,1673.0,629.0,1044.0,65.0,94.0,885.0,Q1,2021,2021-03-31
Manitoba,2296.0,1111.0,1185.0,150.0,191.0,844.0,Q2,2021,2021-06-30
Manitoba,2260.0,1030.0,1230.0,152.0,186.0,892.0,Q3,2021,2021-09-30
Manitoba,1794.0,827.0,967.0,140.0,213.0,614.0,Q4,2021,2021-12-31
Manitoba,1942.0,489.0,1453.0,58.0,184.0,1211.0,Q1,2022,2022-03-31
Manitoba,2050.0,861.0,1189.0,215.0,151.0,823.0,Q2,2022,2022-06-30
Manitoba,1768.0,981.0,787.0,110.0,234.0,443.0,Q3,2022,2022-09-30
Manitoba,2335.0,697.0,1638.0,155.0,238.0,1245.0,Q4,2022,2022-12-31
Manitoba,1743.0,427.0,1316.0,96.0,77.0,1143.0,Q1,2023,2023-03-31
Manitoba,1692.0,550.0,1142.0,177.0,129.0,836.0,Q2,2023,2023-06-30
Manitoba,1997.0,625.0,1372.0,177.0,253.0,942.0,Q3,2023,2023-09-30
Manitoba,1672.0,606.0,1066.0,127.0,261.0,678.0,Q4,2023,2023-12-31
Manitoba,1130.0,408.0,722.0,101.0,121.0,500.0,Q1,2024,2024-03-31
Manitoba,1977.0,549.0,1428.0,124.0,213.0,1091.0,Q2,2024,2024-06-30
Manitoba,2137.0,691.0,1446.0,124.0,374.0,948.0,Q3,2024,2024-09-30
Manitoba,1947.0,547.0,1400.0,145.0,251.0,1004.0,Q4,2024,2024-12-31
Manitoba,1410.0,497.0,913.0,81.0,81.0,751.0,Q1,2025,2025-03-31
Manitoba,1823.0,768.0,1055.0,99.0,151.0,805.0,Q2,2025,2025-06-30
Manitoba,2529.0,815.0,1714.0,166.0,183.0,1365.0,Q3,2025,2025-09-30
New Brunswick,423.0,208.0,215.0,44.0,39.0,132.0,Q1,2010,2010-03-31
New Brunswick,1180.0,655.0,525.0,185.0,61.0,279.0,Q2,2010,2010-06-30
New Brunswick,1403.0,682.0,721.0,112.0,60.0,549.0,Q3,2010,2010-09-30
New Brunswick,1095.0,523.0,572.0,134.0,61.0,377.0,Q4,2010,2010-12-31
New Brunswick,142.0,99.0,43.0,17.0,10.0,16.0,Q1,2011,2011-03-31
New Brunswick,962.0,513.0,449.0,220.0,36.0,193.0,Q2,2011,2011-06-30
New Brunswick,1415.0,706.0,709.0,135.0,76.0,498.0,Q3,2011,2011-09-30
New Brunswick,933.0,505.0,428.0,100.0,89.0,239.0,Q4,2011,2011-12-31
New Brunswick,220.0,111.0,109.0,14.0,8.0,87.0,Q1,2012,2012-03-31
New Brunswick,1132.0,629.0,503.0,219.0,98.0,186.0,Q2,2012,2012-06-30
New Brunswick,1238.0,575.0,663.0,117.0,13.0,533.0,Q3,2012,2012-09-30
New Brunswick,709.0,382.0,327.0,76.0,43.0,208.0,Q4,2012,2012-12-31
New Brunswick,302.0,81.0,221.0,22.0,33.0,166.0,Q1,2013,2013-03-31
New Brunswick,865.0,361.0,504.0,98.0,40.0,366.0,Q2,2013,2013-06-30
New Brunswick,927.0,526.0,401.0,82.0,76.0,243.0,Q3,2013,2013-09-30
New Brunswick,749.0,408.0,341.0,88.0,26.0,227.0,Q4,2013,2013-12-31
New Brunswick,223.0,77.0,146.0,26.0,0.0,120.0,Q1,2014,2014-03-31
New Brunswick,508.0,287.0,221.0,100.0,11.0,110.0,Q2,2014,2014-06-30
New Brunswick,1004.0,481.0,523.0,88.0,44.0,391.0,Q3,2014,2014-09-30
New Brunswick,541.0,347.0,194.0,60.0,15.0,119.0,Q4,2014,2014-12-31
New Brunswick,154.0,73.0,81.0,2.0,0.0,79.0,Q1,2015,2015-03-31
New Brunswick,434.0,252.0,182.0,34.0,65.0,83.0,Q2,2015,2015-06-30
New Brunswick,846.0,501.0,345.0,97.0,25.0,223.0,Q3,2015,2015-09-30
New Brunswick,561.0,293.0,268.0,24.0,55.0,189.0,Q4,2015,2015-12-31
New Brunswick,108.0,70.0,38.0,2.0,17.0,19.0,Q1,2016,2016-03-31
New Brunswick,508.0,300.0,208.0,44.0,21.0,143.0,Q2,2016,2016-06-30
New Brunswick,682.0,375.0,307.0,44.0,65.0,198.0,Q3,2016,2016-09-30
New Brunswick,540.0,288.0,252.0,40.0,105.0,107.0,Q4,2016,2016-12-31
New Brunswick,210.0,69.0,141.0,2.0,8.0,131.0,Q1,2017,2017-03-31
New Brunswick,506.0,280.0,226.0,72.0,48.0,106.0,Q2,2017,2017-06-30
New Brunswick,792.0,436.0,356.0,73.0,71.0,212.0,Q3,2017,2017-09-30
New Brunswick,816.0,395.0,421.0,75.0,67.0,279.0,Q4,2017,2017-12-31
New Brunswick,189.0,107.0,82.0,4.0,0.0,78.0,Q1,2018,2018-03-31
New Brunswick,586.0,269.0,317.0,70.0,72.0,175.0,Q2,2018,2018-06-30
New Brunswick,767.0,442.0,325.0,74.0,41.0,210.0,Q3,2018,2018-09-30
New Brunswick,786.0,337.0,449.0,54.0,60.0,335.0,Q4,2018,2018-12-31
New Brunswick,140.0,97.0,43.0,8.0,0.0,35.0,Q1,2019,2019-03-31
New Brunswick,847.0,224.0,623.0,74.0,85.0,464.0,Q2,2019,2019-06-30
New Brunswick,1174.0,463.0,711.0,82.0,78.0,551.0,Q3,2019,2019-09-30
New Brunswick,774.0,380.0,394.0,44.0,65.0,285.0,Q4,2019,2019-12-31
New Brunswick,256.0,93.0,163.0,16.0,4.0,143.0,Q1,2020,2020-03-31
New Brunswick,684.0,206.0,478.0,78.0,38.0,362.0,Q2,2020,2020-06-30
New Brunswick,1338.0,378.0,960.0,82.0,49.0,829.0,Q3,2020,2020-09-30
New Brunswick,1205.0,330.0,875.0,90.0,73.0,712.0,Q4,2020,2020-12-31
New Brunswick,236.0,75.0,161.0,12.0,10.0,139.0,Q1,2021,2021-03-31
New Brunswick,1270.0,432.0,838.0,152.0,133.0,553.0,Q2,2021,2021-06-30
New Brunswick,1224.0,491.0,733.0,70.0,104.0,559.0,Q3,2021,2021-09-30
New Brunswick,1099.0,333.0,766.0,64.0,177.0,525.0,Q4,2021,2021-12-31
New Brunswick,416.0,77.0,339.0,12.0,22.0,305.0,Q1,2022,2022-03-31
New Brunswick,1419.0,375.0,1044.0,78.0,189.0,777.0,Q2,2022,2022-06-30
New Brunswick,1589.0,520.0,1069.0,50.0,133.0,886.0,Q3,2022,2022-09-30
New Brunswick,1256.0,429.0,827.0,28.0,122.0,677.0,Q4,2022,2022-12-31
New Brunswick,360.0,260.0,100.0,4.0,37.0,59.0,Q1,2023,2023-03-31
New Brunswick,1223.0,367.0,856.0,70.0,145.0,641.0,Q2,2023,2023-06-30
New Brunswick,1562.0,362.0,1200.0,68.0,144.0,988.0,Q3,2023,2023-09-30
New Brunswick,1402.0,408.0,994.0,60.0,261.0,673.0,Q4,2023,2023-12-31
New Brunswick,750.0,196.0,554.0,22.0,65.0,467.0,Q1,2024,2024-03-31
New Brunswick,1608.0,392.0,1216.0,133.0,194.0,889.0,Q2,2024,2024-06-30
New Brunswick,2158.0,553.0,1605.0,82.0,139.0,1384.0,Q3,2024,2024-09-30
New Brunswick,1653.0,433.0,1220.0,96.0,175.0,949.0,Q4,2024,2024-12-31
New Brunswick,1053.0,250.0,803.0,29.0,28.0,746.0,Q1,2025,2025-03-31
New Brunswick,1829.0,375.0,1454.0,133.0,247.0,1074.0,Q2,2025,2025-06-30
New Brunswick,2557.0,637.0,1920.0,143.0,206.0,1571.0,Q3,2025,2025-09-30
Newfoundland and Labrador,436.0,361.0,75.0,4.0,29.0,42.0,Q1,2010,2010-03-31
Newfoundland and Labrador,1127.0,914.0,213.0,56.0,75.0,82.0,Q2,2010,2010-06-30
Newfoundland and Labrador,1166.0,987.0,179.0,28.0,21.0,130.0,Q3,2010,2010-09-30
Newfoundland and Labrador,877.0,679.0,198.0,38.0,24.0,136.0,Q4,2010,2010-12-31
Newfoundland and Labrador,365.0,273.0,92.0,5.0,16.0,71.0,Q1,2011,2011-03-31
Newfoundland and Labrador,988.0,724.0,264.0,17.0,30.0,217.0,Q2,2011,2011-06-30
Newfoundland and Labrador,1208.0,902.0,306.0,22.0,44.0,240.0,Q3,2011,2011-09-30
Newfoundland and Labrador,927.0,713.0,214.0,43.0,45.0,126.0,Q4,2011,2011-12-31
Newfoundland and Labrador,376.0,219.0,157.0,6.0,10.0,141.0,Q1,2012,2012-03-31
Newfoundland and Labrador,1077.0,706.0,371.0,44.0,23.0,304.0,Q2,2012,2012-06-30
Newfoundland and Labrador,1434.0,917.0,517.0,16.0,47.0,454.0,Q3,2012,2012-09-30
Newfoundland and Labrador,998.0,681.0,317.0,22.0,41.0,254.0,Q4,2012,2012-12-31
Newfoundland and Labrador,275.0,201.0,74.0,0.0,19.0,55.0,Q1,2013,2013-03-31
Newfoundland and Labrador,863.0,700.0,163.0,18.0,29.0,116.0,Q2,2013,2013-06-30
Newfoundland and Labrador,863.0,710.0,153.0,8.0,19.0,126.0,Q3,2013,2013-09-30
Newfoundland and Labrador,861.0,614.0,247.0,10.0,29.0,208.0,Q4,2013,2013-12-31
Newfoundland and Labrador,214.0,134.0,80.0,0.0,0.0,80.0,Q1,2014,2014-03-31
Newfoundland and Labrador,608.0,480.0,128.0,14.0,35.0,79.0,Q2,2014,2014-06-30
Newfoundland and Labrador,744.0,589.0,155.0,24.0,50.0,81.0,Q3,2014,2014-09-30
Newfoundland and Labrador,553.0,467.0,86.0,13.0,14.0,59.0,Q4,2014,2014-12-31
Newfoundland and Labrador,238.0,103.0,135.0,4.0,0.0,131.0,Q1,2015,2015-03-31
Newfoundland and Labrador,419.0,352.0,67.0,12.0,23.0,32.0,Q2,2015,2015-06-30
Newfoundland and Labrador,552.0,447.0,105.0,24.0,19.0,62.0,Q3,2015,2015-09-30
Newfoundland and Labrador,488.0,369.0,119.0,20.0,18.0,81.0,Q4,2015,2015-12-31
Newfoundland and Labrador,172.0,137.0,35.0,10.0,0.0,25.0,Q1,2016,2016-03-31
Newfoundland and Labrador,390.0,310.0,80.0,32.0,13.0,35.0,Q2,2016,2016-06-30
Newfoundland and Labrador,455.0,378.0,77.0,42.0,8.0,27.0,Q3,2016,2016-09-30
Newfoundland and Labrador,381.0,283.0,98.0,33.0,27.0,38.0,Q4,2016,2016-12-31
Newfoundland and Labrador,112.0,65.0,47.0,24.0,20.0,3.0,Q1,2017,2017-03-31
Newfoundland and Labrador,310.0,215.0,95.0,20.0,25.0,50.0,Q2,2017,2017-06-30
Newfoundland and Labrador,469.0,322.0,147.0,49.0,51.0,47.0,Q3,2017,2017-09-30
Newfoundland and Labrador,509.0,303.0,206.0,72.0,108.0,26.0,Q4,2017,2017-12-31
Newfoundland and Labrador,199.0,83.0,116.0,6.0,8.0,102.0,Q1,2018,2018-03-31
Newfoundland and Labrador,237.0,208.0,29.0,12.0,10.0,7.0,Q2,2018,2018-06-30
Newfoundland and Labrador,399.0,287.0,112.0,35.0,47.0,30.0,Q3,2018,2018-09-30
Newfoundland and Labrador,261.0,201.0,60.0,20.0,15.0,25.0,Q4,2018,2018-12-31
Newfoundland and Labrador,58.0,41.0,17.0,10.0,3.0,4.0,Q1,2019,2019-03-31
Newfoundland and Labrador,217.0,163.0,54.0,14.0,4.0,36.0,Q2,2019,2019-06-30
Newfoundland and Labrador,315.0,237.0,78.0,22.0,22.0,34.0,Q3,2019,2019-09-30
Newfoundland and Labrador,355.0,245.0,110.0,42.0,25.0,43.0,Q4,2019,2019-12-31
Newfoundland and Labrador,60.0,39.0,21.0,6.0,6.0,9.0,Q1,2020,2020-03-31
Newfoundland and Labrador,132.0,111.0,21.0,10.0,3.0,8.0,Q2,2020,2020-06-30
Newfoundland and Labrador,285.0,219.0,66.0,20.0,3.0,43.0,Q3,2020,2020-09-30
Newfoundland and Labrador,286.0,237.0,49.0,26.0,18.0,5.0,Q4,2020,2020-12-31
Newfoundland and Labrador,155.0,121.0,34.0,15.0,18.0,1.0,Q1,2021,2021-03-31
Newfoundland and Labrador,305.0,248.0,57.0,16.0,16.0,25.0,Q2,2021,2021-06-30
Newfoundland and Labrador,263.0,211.0,52.0,24.0,16.0,12.0,Q3,2021,2021-09-30
Newfoundland and Labrador,298.0,161.0,137.0,26.0,90.0,21.0,Q4,2021,2021-12-31
Newfoundland and Labrador,223.0,170.0,53.0,24.0,9.0,20.0,Q1,2022,2022-03-31
Newfoundland and Labrador,363.0,314.0,49.0,8.0,3.0,38.0,Q2,2022,2022-06-30
Newfoundland and Labrador,458.0,330.0,128.0,14.0,7.0,107.0,Q3,2022,2022-09-30
Newfoundland and Labrador,335.0,192.0,143.0,20.0,19.0,104.0,Q4,2022,2022-12-31
Newfoundland and Labrador,100.0,82.0,18.0,0.0,7.0,11.0,Q1,2023,2023-03-31
Newfoundland and Labrador,225.0,184.0,41.0,10.0,3.0,28.0,Q2,2023,2023-06-30
Newfoundland and Labrador,411.0,283.0,128.0,50.0,0.0,78.0,Q3,2023,2023-09-30
Newfoundland and Labrador,242.0,139.0,103.0,12.0,44.0,47.0,Q4,2023,2023-12-31
Newfoundland and Labrador,263.0,158.0,105.0,12.0,12.0,81.0,Q1,2024,2024-03-31
Newfoundland and Labrador,409.0,316.0,93.0,20.0,8.0,65.0,Q2,2024,2024-06-30
Newfoundland and Labrador,527.0,321.0,206.0,32.0,7.0,167.0,Q3,2024,2024-09-30
Newfoundland and Labrador,473.0,280.0,193.0,38.0,0.0,155.0,Q4,2024,2024-12-31
Newfoundland and Labrador,165.0,96.0,69.0,16.0,6.0,47.0,Q1,2025,2025-03-31
Newfoundland and Labrador,493.0,304.0,189.0,24.0,12.0,153.0,Q2,2025,2025-06-30
Newfoundland and Labrador,443.0,317.0,126.0,18.0,36.0,72.0,Q3,2025,2025-09-30
Nova Scotia,691.0,394.0,297.0,62.0,37.0,198.0,Q1,2010,2010-03-31
Nova Scotia,1222.0,666.0,556.0,121.0,66.0,369.0,Q2,2010,2010-06-30
Nova Scotia,1382.0,743.0,639.0,97.0,36.0,506.0,Q3,2010,2010-09-30
Nova Scotia,1014.0,589.0,425.0,93.0,61.0,271.0,Q4,2010,2010-12-31
Nova Scotia,725.0,293.0,432.0,60.0,35.0,337.0,Q1,2011,2011-03-31
Nova Scotia,1163.0,554.0,609.0,118.0,28.0,463.0,Q2,2011,2011-06-30
Nova Scotia,1526.0,691.0,835.0,124.0,49.0,662.0,Q3,2011,2011-09-30
Nova Scotia,1230.0,507.0,723.0,116.0,129.0,478.0,Q4,2011,2011-12-31
Nova Scotia,640.0,338.0,302.0,56.0,17.0,229.0,Q1,2012,2012-03-31
Nova Scotia,1044.0,658.0,386.0,134.0,27.0,225.0,Q2,2012,2012-06-30
Nova Scotia,1509.0,659.0,850.0,132.0,68.0,650.0,Q3,2012,2012-09-30
Nova Scotia,1329.0,603.0,726.0,98.0,106.0,522.0,Q4,2012,2012-12-31
Nova Scotia,956.0,227.0,729.0,40.0,30.0,659.0,Q1,2013,2013-03-31
Nova Scotia,917.0,442.0,475.0,88.0,83.0,304.0,Q2,2013,2013-06-30
Nova Scotia,1142.0,529.0,613.0,106.0,82.0,425.0,Q3,2013,2013-09-30
Nova Scotia,904.0,441.0,463.0,98.0,64.0,301.0,Q4,2013,2013-12-31
Nova Scotia,323.0,192.0,131.0,44.0,32.0,55.0,Q1,2014,2014-03-31
Nova Scotia,679.0,327.0,352.0,48.0,66.0,238.0,Q2,2014,2014-06-30
Nova Scotia,1236.0,409.0,827.0,76.0,35.0,716.0,Q3,2014,2014-09-30
Nova Scotia,818.0,427.0,391.0,52.0,46.0,293.0,Q4,2014,2014-12-31
Nova Scotia,352.0,286.0,66.0,44.0,16.0,6.0,Q1,2015,2015-03-31
Nova Scotia,1517.0,267.0,1250.0,47.0,42.0,1161.0,Q2,2015,2015-06-30
Nova Scotia,1348.0,436.0,912.0,114.0,47.0,751.0,Q3,2015,2015-09-30
Nova Scotia,608.0,361.0,247.0,54.0,24.0,169.0,Q4,2015,2015-12-31
Nova Scotia,559.0,216.0,343.0,48.0,34.0,261.0,Q1,2016,2016-03-31
Nova Scotia,987.0,462.0,525.0,66.0,52.0,407.0,Q2,2016,2016-06-30
Nova Scotia,1069.0,420.0,649.0,72.0,29.0,548.0,Q3,2016,2016-09-30
Nova Scotia,1152.0,558.0,594.0,132.0,29.0,433.0,Q4,2016,2016-12-31
Nova Scotia,754.0,275.0,479.0,33.0,25.0,421.0,Q1,2017,2017-03-31
Nova Scotia,1149.0,386.0,763.0,64.0,27.0,672.0,Q2,2017,2017-06-30
Nova Scotia,1200.0,431.0,769.0,94.0,46.0,629.0,Q3,2017,2017-09-30
Nova Scotia,881.0,378.0,503.0,62.0,28.0,413.0,Q4,2017,2017-12-31
Nova Scotia,840.0,458.0,382.0,68.0,59.0,255.0,Q1,2018,2018-03-31
Nova Scotia,1173.0,496.0,677.0,96.0,49.0,532.0,Q2,2018,2018-06-30
Nova Scotia,1684.0,537.0,1147.0,100.0,48.0,999.0,Q3,2018,2018-09-30
Nova Scotia,1089.0,536.0,553.0,89.0,88.0,376.0,Q4,2018,2018-12-31
Nova Scotia,878.0,212.0,666.0,30.0,30.0,606.0,Q1,2019,2019-03-31
Nova Scotia,1289.0,465.0,824.0,70.0,74.0,680.0,Q2,2019,2019-06-30
Nova Scotia,1307.0,671.0,636.0,124.0,71.0,441.0,Q3,2019,2019-09-30
Nova Scotia,1245.0,572.0,673.0,86.0,78.0,509.0,Q4,2019,2019-12-31
Nova Scotia,961.0,346.0,615.0,87.0,64.0,464.0,Q1,2020,2020-03-31
Nova Scotia,711.0,416.0,295.0,72.0,54.0,169.0,Q2,2020,2020-06-30
Nova Scotia,1684.0,590.0,1094.0,103.0,64.0,927.0,Q3,2020,2020-09-30
Nova Scotia,1509.0,562.0,947.0,124.0,78.0,745.0,Q4,2020,2020-12-31
Nova Scotia,1210.0,394.0,816.0,113.0,91.0,612.0,Q1,2021,2021-03-31
Nova Scotia,1224.0,398.0,826.0,63.0,66.0,697.0,Q2,2021,2021-06-30
Nova Scotia,1185.0,685.0,500.0,109.0,55.0,336.0,Q3,2021,2021-09-30
Nova Scotia,2356.0,776.0,1580.0,120.0,141.0,1319.0,Q4,2021,2021-12-31
Nova Scotia,1059.0,295.0,764.0,48.0,47.0,669.0,Q1,2022,2022-03-31
Nova Scotia,1609.0,516.0,1093.0,44.0,81.0,968.0,Q2,2022,2022-06-30
Nova Scotia,1791.0,792.0,999.0,96.0,112.0,791.0,Q3,2022,2022-09-30
Nova Scotia,1255.0,646.0,609.0,60.0,95.0,454.0,Q4,2022,2022-12-31
Nova Scotia,827.0,335.0,492.0,54.0,65.0,373.0,Q1,2023,2023-03-31
Nova Scotia,1991.0,549.0,1442.0,72.0,105.0,1265.0,Q2,2023,2023-06-30
Nova Scotia,1716.0,656.0,1060.0,102.0,31.0,927.0,Q3,2023,2023-09-30
Nova Scotia,2625.0,559.0,2066.0,68.0,117.0,1881.0,Q4,2023,2023-12-31
Nova Scotia,2158.0,366.0,1792.0,30.0,27.0,1735.0,Q1,2024,2024-03-31
Nova Scotia,2360.0,549.0,1811.0,123.0,395.0,1293.0,Q2,2024,2024-06-30
Nova Scotia,1426.0,630.0,796.0,96.0,90.0,610.0,Q3,2024,2024-09-30
Nova Scotia,1437.0,534.0,903.0,135.0,86.0,682.0,Q4,2024,2024-12-31
Nova Scotia,1771.0,330.0,1441.0,75.0,57.0,1309.0,Q1,2025,2025-03-31
Nova Scotia,2717.0,625.0,2092.0,105.0,99.0,1888.0,Q2,2025,2025-06-30
Nova Scotia,2840.0,688.0,2152.0,130.0,100.0,1922.0,Q3,2025,2025-09-30
Ontario,11255.0,5470.0,5785.0,506.0,1929.0,3350.0,Q1,2010,2010-03-31
Ontario,17082.0,8065.0,9017.0,852.0,2712.0,5453.0,Q2,2010,2010-06-30
Ontario,16598.0,7571.0,9027.0,833.0,3045.0,5149.0,Q3,2010,2010-09-30
Ontario,15498.0,6983.0,8515.0,815.0,2569.0,5131.0,Q4,2010,2010-12-31
Ontario,12629.0,4250.0,8379.0,606.0,1391.0,6382.0,Q1,2011,2011-03-31
Ontario,18457.0,7194.0,11263.0,867.0,2400.0,7996.0,Q2,2011,2011-06-30
Ontario,18885.0,7774.0,11111.0,759.0,2434.0,7918.0,Q3,2011,2011-09-30
Ontario,17850.0,7666.0,10184.0,910.0,3063.0,6211.0,Q4,2011,2011-12-31
Ontario,16281.0,4212.0,12069.0,776.0,2627.0,8666.0,Q1,2012,2012-03-31
Ontario,21389.0,7211.0,14178.0,770.0,2637.0,10771.0,Q2,2012,2012-06-30
Ontario,20800.0,7216.0,13584.0,920.0,3097.0,9567.0,Q3,2012,2012-09-30
Ontario,18272.0,6928.0,11344.0,931.0,2216.0,8197.0,Q4,2012,2012-12-31
Ontario,11192.0,3593.0,7599.0,572.0,1617.0,5410.0,Q1,2013,2013-03-31
Ontario,15767.0,6699.0,9068.0,946.0,2531.0,5591.0,Q2,2013,2013-06-30
Ontario,17532.0,6705.0,10827.0,844.0,2850.0,7133.0,Q3,2013,2013-09-30
Ontario,16594.0,6273.0,10321.0,754.0,2429.0,7138.0,Q4,2013,2013-12-31
Ontario,10828.0,3106.0,7722.0,359.0,1604.0,5759.0,Q1,2014,2014-03-31
Ontario,17039.0,6801.0,10238.0,898.0,3103.0,6237.0,Q2,2014,2014-06-30
Ontario,15989.0,7334.0,8655.0,854.0,2602.0,5199.0,Q3,2014,2014-09-30
Ontario,15278.0,6450.0,8828.0,631.0,2666.0,5531.0,Q4,2014,2014-12-31
Ontario,11382.0,2567.0,8815.0,310.0,1044.0,7461.0,Q1,2015,2015-03-31
Ontario,18479.0,7052.0,11427.0,522.0,3534.0,7371.0,Q2,2015,2015-06-30
Ontario,21259.0,7738.0,13521.0,636.0,2621.0,10264.0,Q3,2015,2015-09-30
Ontario,19036.0,7596.0,11440.0,622.0,3240.0,7578.0,Q4,2015,2015-12-31
Ontario,14789.0,4389.0,10400.0,318.0,1816.0,8266.0,Q1,2016,2016-03-31
Ontario,20200.0,8132.0,12068.0,765.0,3001.0,8302.0,Q2,2016,2016-06-30
Ontario,20151.0,8704.0,11447.0,743.0,3372.0,7332.0,Q3,2016,2016-09-30
Ontario,19812.0,8854.0,10958.0,549.0,3487.0,6922.0,Q4,2016,2016-12-31
Ontario,17555.0,5516.0,12039.0,529.0,3021.0,8489.0,Q1,2017,2017-03-31
Ontario,18423.0,7957.0,10466.0,733.0,3426.0,6307.0,Q2,2017,2017-06-30
Ontario,23248.0,8792.0,14456.0,959.0,4746.0,8751.0,Q3,2017,2017-09-30
Ontario,19897.0,7448.0,12449.0,767.0,4235.0,7447.0,Q4,2017,2017-12-31
Ontario,18143.0,4530.0,13613.0,568.0,1721.0,11324.0,Q1,2018,2018-03-31
Ontario,20052.0,6779.0,13273.0,598.0,3168.0,9507.0,Q2,2018,2018-06-30
Ontario,18822.0,6521.0,12301.0,741.0,3000.0,8560.0,Q3,2018,2018-09-30
Ontario,21725.0,5956.0,15769.0,577.0,3930.0,11262.0,Q4,2018,2018-12-31
Ontario,13044.0,2786.0,10258.0,266.0,2414.0,7578.0,Q1,2019,2019-03-31
Ontario,17455.0,5108.0,12347.0,454.0,3586.0,8307.0,Q2,2019,2019-06-30
Ontario,21265.0,6129.0,15136.0,557.0,4058.0,10521.0,Q3,2019,2019-09-30
Ontario,17221.0,5264.0,11957.0,538.0,3527.0,7892.0,Q4,2019,2019-12-31
Ontario,14594.0,3614.0,10980.0,336.0,2531.0,8113.0,Q1,2020,2020-03-31
Ontario,19842.0,5112.0,14730.0,614.0,2974.0,11142.0,Q2,2020,2020-06-30
Ontario,25160.0,6670.0,18490.0,706.0,3747.0,14037.0,Q3,2020,2020-09-30
Ontario,21709.0,7286.0,14423.0,1068.0,3549.0,9806.0,Q4,2020,2020-12-31
Ontario,21628.0,6092.0,15536.0,579.0,2736.0,12221.0,Q1,2021,2021-03-31
Ontario,25594.0,8945.0,16649.0,929.0,3970.0,11750.0,Q2,2021,2021-06-30
Ontario,27765.0,9350.0,18415.0,730.0,4333.0,13352.0,Q3,2021,2021-09-30
Ontario,24579.0,6966.0,17613.0,655.0,4171.0,12787.0,Q4,2021,2021-12-31
Ontario,17686.0,4834.0,12852.0,558.0,2661.0,9633.0,Q1,2022,2022-03-31
Ontario,22460.0,6543.0,15917.0,618.0,5047.0,10252.0,Q2,2022,2022-06-30
Ontario,29746.0,7739.0,22007.0,643.0,5148.0,16216.0,Q3,2022,2022-09-30
Ontario,26188.0,6378.0,19810.0,453.0,4403.0,14954.0,Q4,2022,2022-12-31
Ontario,18490.0,4021.0,14469.0,377.0,2670.0,11422.0,Q1,2023,2023-03-31
Ontario,25512.0,4669.0,20843.0,425.0,3261.0,17157.0,Q2,2023,2023-06-30
Ontario,24813.0,4634.0,20179.0,494.0,4127.0,15558.0,Q3,2023,2023-09-30
Ontario,20482.0,4591.0,15891.0,433.0,3132.0,12326.0,Q4,2023,2023-12-31
Ontario,18169.0,2591.0,15578.0,321.0,2012.0,13245.0,Q1,2024,2024-03-31
Ontario,19256.0,3721.0,15535.0,450.0,3258.0,11827.0,Q2,2024,2024-06-30
Ontario,20614.0,4740.0,15874.0,381.0,3369.0,12124.0,Q3,2024,2024-09-30
Ontario,16534.0,3966.0,12568.0,397.0,3271.0,8900.0,Q4,2024,2024-12-31
Ontario,11019.0,1666.0,9353.0,150.0,1986.0,7217.0,Q1,2025,2025-03-31
Ontario,17327.0,3403.0,13924.0,401.0,2496.0,11027.0,Q2,2025,2025-06-30
Ontario,19748.0,3328.0,16420.0,298.0,2665.0,13457.0,Q3,2025,2025-09-30
Prairie provinces,,,,,,,Q1,2010,2010-03-31
Prairie provinces,,,,,,,Q2,2010,2010-06-30
Prairie provinces,,,,,,,Q3,2010,2010-09-30
Prairie provinces,,,,,,,Q4,2010,2010-12-31
Prairie provinces,,,,,,,Q1,2011,2011-03-31
Prairie provinces,,,,,,,Q2,2011,2011-06-30
Prairie provinces,,,,,,,Q3,2011,2011-09-30
Prairie provinces,,,,,,,Q4,2011,2011-12-31
Prairie provinces,,,,,,,Q1,2012,2012-03-31
Prairie provinces,,,,,,,Q2,2012,2012-06-30
Prairie provinces,,,,,,,Q3,2012,2012-09-30
Prairie provinces,,,,,,,Q4,2012,2012-12-31
Prairie provinces,,,,,,,Q1,2013,2013-03-31
Prairie provinces,,,,,,,Q2,2013,2013-06-30
Prairie provinces,,,,,,,Q3,2013,2013-09-30
Prairie provinces,,,,,,,Q4,2013,2013-12-31
Prairie provinces,,,,,,,Q1,2014,2014-03-31
Prairie provinces,,,,,,,Q2,2014,2014-06-30
Prairie provinces,,,,,,,Q3,2014,2014-09-30
Prairie provinces,,,,,,,Q4,2014,2014-12-31
Prairie provinces,,,,,,,Q1,2015,2015-03-31
Prairie provinces,,,,,,,Q2,2015,2015-06-30
Prairie provinces,,,,,,,Q3,2015,2015-09-30
Prairie provinces,,,,,,,Q4,2015,2015-12-31
Prairie provinces,,,,,,,Q1,2016,2016-03-31
Prairie provinces,,,,,,,Q2,2016,2016-06-30
Prairie provinces,,,,,,,Q3,2016,2016-09-30
Prairie provinces,,,,,,,Q4,2016,2016-12-31
Prairie provinces,,,,,,,Q1,2017,2017-03-31
Prairie provinces,,,,,,,Q2,2017,2017-06-30
Prairie provinces,,,,,,,Q3,2017,2017-09-30
Prairie provinces,,,,,,,Q4,2017,2017-12-31
Prairie provinces,,,,,,,Q1,2018,2018-03-31
Prairie provinces,,,,,,,Q2,2018,2018-06-30
Prairie provinces,,,,,,,Q3,2018,2018-09-30
Prairie provinces,,,,,,,Q4,2018,2018-12-31
Prairie provinces,,,,,,,Q1,2019,2019-03-31
Prairie provinces,,,,,,,Q2,2019,2019-06-30
Prairie provinces,,,,,,,Q3,2019,2019-09-30
Prairie provinces,,,,,,,Q4,2019,2019-12-31
Prairie provinces,,,,,,,Q1,2020,2020-03-31
Prairie provinces,,,,,,,Q2,2020,2020-06-30
Prairie provinces,,,,,,,Q3,2020,2020-09-30
Prairie provinces,,,,,,,Q4,2020,2020-12-31
Prairie provinces,,,,,,,Q1,2021,2021-03-31
Prairie provinces,,,,,,,Q2,2021,2021-06-30
Prairie provinces,,,,,,,Q3,2021,2021-09-30
Prairie provinces,,,,,,,Q4,2021,2021-12-31
Prairie provinces,,,,,,,Q1,2022,2022-03-31
Prairie provinces,,,,,,,Q2,2022,2022-06-30
Prairie provinces,,,,,,,Q3,2022,2022-09-30
Prairie provinces,,,,,,,Q4,2022,2022-12-31
Prairie provinces,,,,,,,Q1,2023,2023-03-31
Prairie provinces,,,,,,,Q2,2023,2023-06-30
Prairie provinces,,,,,,,Q3,2023,2023-09-30
Prairie provinces,,,,,,,Q4,2023,2023-12-31
Prairie provinces,,,,,,,Q1,2024,2024-03-31
Prairie provinces,,,,,,,Q2,2024,2024-06-30
Prairie provinces,,,,,,,Q3,2024,2024-09-30
Prairie provinces,,,,,,,Q4,2024,2024-12-31
Prairie provinces,,,,,,,Q1,2025,2025-03-31
Prairie provinces,,,,,,,Q2,2025,2025-06-30
Prairie provinces,,,,,,,Q3,2025,2025-09-30
Prince Edward Island,43.0,33.0,10.0,6.0,4.0,0.0,Q1,2010,2010-03-31
Prince Edward Island,289.0,169.0,120.0,15.0,27.0,78.0,Q2,2010,2010-06-30
Prince Edward Island,216.0,115.0,101.0,32.0,9.0,60.0,Q3,2010,2010-09-30
Prince Edward Island,208.0,79.0,129.0,16.0,10.0,103.0,Q4,2010,2010-12-31
Prince Edward Island,101.0,49.0,52.0,20.0,11.0,21.0,Q1,2011,2011-03-31
Prince Edward Island,212.0,93.0,119.0,8.0,4.0,107.0,Q2,2011,2011-06-30
Prince Edward Island,324.0,134.0,190.0,24.0,26.0,140.0,Q3,2011,2011-09-30
Prince Edward Island,303.0,155.0,148.0,18.0,6.0,124.0,Q4,2011,2011-12-31
Prince Edward Island,43.0,41.0,2.0,2.0,0.0,0.0,Q1,2012,2012-03-31
Prince Edward Island,297.0,100.0,197.0,22.0,50.0,125.0,Q2,2012,2012-06-30
Prince Edward Island,350.0,145.0,205.0,36.0,32.0,137.0,Q3,2012,2012-09-30
Prince Edward Island,251.0,101.0,150.0,34.0,45.0,71.0,Q4,2012,2012-12-31
Prince Edward Island,164.0,27.0,137.0,12.0,8.0,117.0,Q1,2013,2013-03-31
Prince Edward Island,209.0,109.0,100.0,25.0,6.0,69.0,Q2,2013,2013-06-30
Prince Edward Island,145.0,95.0,50.0,18.0,8.0,24.0,Q3,2013,2013-09-30
Prince Edward Island,118.0,51.0,67.0,16.0,14.0,37.0,Q4,2013,2013-12-31
Prince Edward Island,54.0,30.0,24.0,2.0,15.0,7.0,Q1,2014,2014-03-31
Prince Edward Island,171.0,80.0,91.0,20.0,5.0,66.0,Q2,2014,2014-06-30
Prince Edward Island,120.0,89.0,31.0,16.0,10.0,5.0,Q3,2014,2014-09-30
Prince Edward Island,166.0,93.0,73.0,14.0,13.0,46.0,Q4,2014,2014-12-31
Prince Edward Island,91.0,24.0,67.0,12.0,0.0,55.0,Q1,2015,2015-03-31
Prince Edward Island,101.0,73.0,28.0,15.0,7.0,6.0,Q2,2015,2015-06-30
Prince Edward Island,201.0,131.0,70.0,10.0,15.0,45.0,Q3,2015,2015-09-30
Prince Edward Island,165.0,58.0,107.0,21.0,22.0,64.0,Q4,2015,2015-12-31
Prince Edward Island,67.0,32.0,35.0,5.0,4.0,26.0,Q1,2016,2016-03-31
Prince Edward Island,157.0,75.0,82.0,16.0,38.0,28.0,Q2,2016,2016-06-30
Prince Edward Island,245.0,132.0,113.0,11.0,45.0,57.0,Q3,2016,2016-09-30
Prince Edward Island,87.0,66.0,21.0,12.0,9.0,0.0,Q4,2016,2016-12-31
Prince Edward Island,136.0,91.0,45.0,13.0,17.0,15.0,Q1,2017,2017-03-31
Prince Edward Island,246.0,144.0,102.0,26.0,17.0,59.0,Q2,2017,2017-06-30
Prince Edward Island,292.0,172.0,120.0,31.0,37.0,52.0,Q3,2017,2017-09-30
Prince Edward Island,237.0,142.0,95.0,28.0,25.0,42.0,Q4,2017,2017-12-31
Prince Edward Island,121.0,71.0,50.0,10.0,6.0,34.0,Q1,2018,2018-03-31
Prince Edward Island,320.0,152.0,168.0,40.0,22.0,106.0,Q2,2018,2018-06-30
Prince Edward Island,257.0,179.0,78.0,18.0,16.0,44.0,Q3,2018,2018-09-30
Prince Edward Island,391.0,160.0,231.0,24.0,50.0,157.0,Q4,2018,2018-12-31
Prince Edward Island,105.0,29.0,76.0,6.0,3.0,67.0,Q1,2019,2019-03-31
Prince Edward Island,371.0,111.0,260.0,37.0,49.0,174.0,Q2,2019,2019-06-30
Prince Edward Island,571.0,124.0,447.0,58.0,54.0,335.0,Q3,2019,2019-09-30
Prince Edward Island,457.0,216.0,241.0,24.0,57.0,160.0,Q4,2019,2019-12-31
Prince Edward Island,169.0,58.0,111.0,4.0,33.0,74.0,Q1,2020,2020-03-31
Prince Edward Island,405.0,117.0,288.0,32.0,28.0,228.0,Q2,2020,2020-06-30
Prince Edward Island,384.0,167.0,217.0,36.0,23.0,158.0,Q3,2020,2020-09-30
Prince Edward Island,282.0,156.0,126.0,49.0,50.0,27.0,Q4,2020,2020-12-31
Prince Edward Island,143.0,94.0,49.0,24.0,25.0,0.0,Q1,2021,2021-03-31
Prince Edward Island,410.0,225.0,185.0,85.0,61.0,39.0,Q2,2021,2021-06-30
Prince Edward Island,357.0,213.0,144.0,65.0,45.0,34.0,Q3,2021,2021-09-30
Prince Edward Island,350.0,169.0,181.0,43.0,65.0,73.0,Q4,2021,2021-12-31
Prince Edward Island,184.0,65.0,119.0,28.0,39.0,52.0,Q1,2022,2022-03-31
Prince Edward Island,432.0,158.0,274.0,78.0,79.0,117.0,Q2,2022,2022-06-30
Prince Edward Island,291.0,192.0,99.0,22.0,15.0,62.0,Q3,2022,2022-09-30
Prince Edward Island,411.0,176.0,235.0,69.0,61.0,105.0,Q4,2022,2022-12-31
Prince Edward Island,123.0,71.0,52.0,24.0,22.0,6.0,Q1,2023,2023-03-31
Prince Edward Island,321.0,101.0,220.0,46.0,5.0,169.0,Q2,2023,2023-06-30
Prince Edward Island,442.0,132.0,310.0,36.0,57.0,217.0,Q3,2023,2023-09-30
Prince Edward Island,253.0,142.0,111.0,36.0,14.0,61.0,Q4,2023,2023-12-31
Prince Edward Island,394.0,59.0,335.0,29.0,19.0,287.0,Q1,2024,2024-03-31
Prince Edward Island,317.0,86.0,231.0,58.0,23.0,150.0,Q2,2024,2024-06-30
Prince Edward Island,626.0,223.0,403.0,60.0,49.0,294.0,Q3,2024,2024-09-30
Prince Edward Island,357.0,150.0,207.0,16.0,46.0,145.0,Q4,2024,2024-12-31
Prince Edward Island,423.0,97.0,326.0,14.0,23.0,289.0,Q1,2025,2025-03-31
Prince Edward Island,328.0,125.0,203.0,18.0,12.0,173.0,Q2,2025,2025-06-30
Prince Edward Island,700.0,186.0,514.0,58.0,22.0,434.0,Q3,2025,2025-09-30
Quebec,9045.0,2863.0,6182.0,838.0,413.0,4931.0,Q1,2010,2010-03-31
Quebec,15922.0,6765.0,9157.0,1655.0,694.0,6808.0,Q2,2010,2010-06-30
Quebec,13423.0,5639.0,7784.0,832.0,389.0,6563.0,Q3,2010,2010-09-30
Quebec,12973.0,4282.0,8691.0,1034.0,533.0,7124.0,Q4,2010,2010-12-31
Quebec,8081.0,2364.0,5717.0,629.0,433.0,4655.0,Q1,2011,2011-03-31
Quebec,14150.0,5540.0,8610.0,1381.0,589.0,6640.0,Q2,2011,2011-06-30
Quebec,13051.0,4586.0,8465.0,910.0,419.0,7136.0,Q3,2011,2011-09-30
Quebec,13105.0,4064.0,9041.0,1082.0,414.0,7545.0,Q4,2011,2011-12-31
Quebec,6951.0,2185.0,4766.0,571.0,404.0,3791.0,Q1,2012,2012-03-31
Quebec,15102.0,5375.0,9727.0,1395.0,542.0,7790.0,Q2,2012,2012-06-30
Quebec,13113.0,4761.0,8352.0,883.0,445.0,7024.0,Q3,2012,2012-09-30
Quebec,12201.0,3738.0,8463.0,1017.0,513.0,6933.0,Q4,2012,2012-12-31
Quebec,5784.0,1696.0,4088.0,400.0,206.0,3482.0,Q1,2013,2013-03-31
Quebec,11421.0,4608.0,6813.0,1104.0,354.0,5355.0,Q2,2013,2013-06-30
Quebec,9892.0,3730.0,6162.0,681.0,163.0,5318.0,Q3,2013,2013-09-30
Quebec,10661.0,3110.0,7551.0,650.0,398.0,6503.0,Q4,2013,2013-12-31
Quebec,6420.0,1397.0,5023.0,575.0,206.0,4242.0,Q1,2014,2014-03-31
Quebec,11380.0,3716.0,7664.0,1046.0,416.0,6202.0,Q2,2014,2014-06-30
Quebec,9940.0,3441.0,6499.0,706.0,360.0,5433.0,Q3,2014,2014-09-30
Quebec,11070.0,2673.0,8397.0,756.0,415.0,7226.0,Q4,2014,2014-12-31
Quebec,4474.0,1010.0,3464.0,374.0,143.0,2947.0,Q1,2015,2015-03-31
Quebec,10569.0,3169.0,7400.0,1015.0,410.0,5975.0,Q2,2015,2015-06-30
Quebec,12311.0,3031.0,9280.0,648.0,325.0,8307.0,Q3,2015,2015-09-30
Quebec,10572.0,2488.0,8084.0,613.0,367.0,7104.0,Q4,2015,2015-12-31
Quebec,5932.0,1233.0,4699.0,451.0,215.0,4033.0,Q1,2016,2016-03-31
Quebec,10676.0,3229.0,7447.0,941.0,620.0,5886.0,Q2,2016,2016-06-30
Quebec,11515.0,3279.0,8236.0,644.0,492.0,7100.0,Q3,2016,2016-09-30
Quebec,10812.0,2996.0,7816.0,725.0,610.0,6481.0,Q4,2016,2016-12-31
Quebec,7423.0,1108.0,6315.0,485.0,280.0,5550.0,Q1,2017,2017-03-31
Quebec,11309.0,3390.0,7919.0,986.0,616.0,6317.0,Q2,2017,2017-06-30
Quebec,12836.0,3419.0,9417.0,665.0,476.0,8276.0,Q3,2017,2017-09-30
Quebec,14927.0,2794.0,12133.0,683.0,462.0,10988.0,Q4,2017,2017-12-31
Quebec,7463.0,1106.0,6357.0,515.0,330.0,5512.0,Q1,2018,2018-03-31
Quebec,14673.0,3479.0,11194.0,1157.0,631.0,9406.0,Q2,2018,2018-06-30
Quebec,9758.0,2485.0,7273.0,609.0,420.0,6244.0,Q3,2018,2018-09-30
Quebec,14980.0,2990.0,11990.0,714.0,532.0,10744.0,Q4,2018,2018-12-31
Quebec,7841.0,918.0,6923.0,439.0,219.0,6265.0,Q1,2019,2019-03-31
Quebec,14519.0,2575.0,11944.0,915.0,600.0,10429.0,Q2,2019,2019-06-30
Quebec,12804.0,3244.0,9560.0,749.0,388.0,8423.0,Q3,2019,2019-09-30
Quebec,12803.0,2252.0,10551.0,863.0,580.0,9108.0,Q4,2019,2019-12-31
Quebec,8971.0,1185.0,7786.0,549.0,306.0,6931.0,Q1,2020,2020-03-31
Quebec,12804.0,2757.0,10047.0,921.0,377.0,8749.0,Q2,2020,2020-06-30
Quebec,15145.0,3030.0,12115.0,830.0,514.0,10771.0,Q3,2020,2020-09-30
Quebec,17146.0,3889.0,13257.0,1214.0,423.0,11620.0,Q4,2020,2020-12-31
Quebec,14476.0,2649.0,11827.0,1044.0,461.0,10322.0,Q1,2021,2021-03-31
Quebec,20196.0,4803.0,15393.0,1314.0,705.0,13374.0,Q2,2021,2021-06-30
Quebec,15755.0,3431.0,12324.0,812.0,432.0,11080.0,Q3,2021,2021-09-30
Quebec,17383.0,3943.0,13440.0,1005.0,492.0,11943.0,Q4,2021,2021-12-31
Quebec,11818.0,2012.0,9806.0,720.0,340.0,8746.0,Q1,2022,2022-03-31
Quebec,18099.0,3718.0,14381.0,1027.0,455.0,12899.0,Q2,2022,2022-06-30
Quebec,13780.0,3523.0,10257.0,756.0,237.0,9264.0,Q3,2022,2022-09-30
Quebec,13410.0,3188.0,10222.0,649.0,200.0,9373.0,Q4,2022,2022-12-31
Quebec,6957.0,1240.0,5717.0,318.0,74.0,5325.0,Q1,2023,2023-03-31
Quebec,9687.0,2678.0,7009.0,500.0,176.0,6333.0,Q2,2023,2023-06-30
Quebec,11870.0,2739.0,9131.0,453.0,196.0,8482.0,Q3,2023,2023-09-30
Quebec,10398.0,1944.0,8454.0,449.0,176.0,7829.0,Q4,2023,2023-12-31
Quebec,8300.0,1349.0,6951.0,431.0,136.0,6384.0,Q1,2024,2024-03-31
Quebec,14911.0,2409.0,12502.0,545.0,293.0,11664.0,Q2,2024,2024-06-30
Quebec,9688.0,1250.0,8438.0,372.0,124.0,7942.0,Q3,2024,2024-09-30
Quebec,15814.0,3550.0,12264.0,652.0,288.0,11324.0,Q4,2024,2024-12-31
Quebec,10588.0,850.0,9738.0,434.0,324.0,8980.0,Q1,2025,2025-03-31
Quebec,17843.0,2876.0,14967.0,785.0,480.0,13702.0,Q2,2025,2025-06-30
Quebec,14548.0,3409.0,11139.0,546.0,389.0,10204.0,Q3,2025,2025-09-30
Saskatchewan,786.0,543.0,243.0,16.0,37.0,190.0,Q1,2010,2010-03-31
Saskatchewan,1474.0,1207.0,267.0,59.0,118.0,90.0,Q2,2010,2010-06-30
Saskatchewan,1800.0,1185.0,615.0,87.0,188.0,340.0,Q3,2010,2010-09-30
Saskatchewan,1847.0,895.0,952.0,64.0,142.0,746.0,Q4,2010,2010-12-31
Saskatchewan,1156.0,564.0,592.0,48.0,119.0,425.0,Q1,2011,2011-03-31
Saskatchewan,1921.0,1300.0,621.0,57.0,295.0,269.0,Q2,2011,2011-06-30
Saskatchewan,2153.0,1324.0,829.0,72.0,287.0,470.0,Q3,2011,2011-09-30
Saskatchewan,1801.0,964.0,837.0,66.0,177.0,594.0,Q4,2011,2011-12-31
Saskatchewan,1601.0,766.0,835.0,86.0,157.0,592.0,Q1,2012,2012-03-31
Saskatchewan,2766.0,1715.0,1051.0,139.0,180.0,732.0,Q2,2012,2012-06-30
Saskatchewan,2944.0,1580.0,1364.0,226.0,305.0,833.0,Q3,2012,2012-09-30
Saskatchewan,2657.0,1110.0,1547.0,233.0,171.0,1143.0,Q4,2012,2012-12-31
Saskatchewan,1249.0,590.0,659.0,66.0,104.0,489.0,Q1,2013,2013-03-31
Saskatchewan,2157.0,1219.0,938.0,73.0,256.0,609.0,Q2,2013,2013-06-30
Saskatchewan,3014.0,1380.0,1634.0,187.0,466.0,981.0,Q3,2013,2013-09-30
Saskatchewan,1870.0,995.0,875.0,120.0,185.0,570.0,Q4,2013,2013-12-31
Saskatchewan,1303.0,507.0,796.0,103.0,167.0,526.0,Q1,2014,2014-03-31
Saskatchewan,2482.0,1302.0,1180.0,150.0,232.0,798.0,Q2,2014,2014-06-30
Saskatchewan,2614.0,1128.0,1486.0,142.0,192.0,1152.0,Q3,2014,2014-09-30
Saskatchewan,1858.0,870.0,988.0,107.0,290.0,591.0,Q4,2014,2014-12-31
Saskatchewan,952.0,329.0,623.0,64.0,30.0,529.0,Q1,2015,2015-03-31
Saskatchewan,1573.0,779.0,794.0,63.0,233.0,498.0,Q2,2015,2015-06-30
Saskatchewan,1261.0,718.0,543.0,30.0,158.0,355.0,Q3,2015,2015-09-30
Saskatchewan,1363.0,588.0,775.0,79.0,155.0,541.0,Q4,2015,2015-12-31
Saskatchewan,743.0,423.0,320.0,55.0,47.0,218.0,Q1,2016,2016-03-31
Saskatchewan,1251.0,737.0,514.0,71.0,112.0,331.0,Q2,2016,2016-06-30
Saskatchewan,1622.0,891.0,731.0,93.0,208.0,430.0,Q3,2016,2016-09-30
Saskatchewan,1159.0,717.0,442.0,109.0,147.0,186.0,Q4,2016,2016-12-31
Saskatchewan,802.0,423.0,379.0,124.0,86.0,169.0,Q1,2017,2017-03-31
Saskatchewan,1352.0,823.0,529.0,68.0,146.0,315.0,Q2,2017,2017-06-30
Saskatchewan,1553.0,850.0,703.0,103.0,186.0,414.0,Q3,2017,2017-09-30
Saskatchewan,1197.0,533.0,664.0,73.0,154.0,437.0,Q4,2017,2017-12-31
Saskatchewan,761.0,259.0,502.0,26.0,78.0,398.0,Q1,2018,2018-03-31
Saskatchewan,840.0,437.0,403.0,58.0,103.0,242.0,Q2,2018,2018-06-30
Saskatchewan,1045.0,623.0,422.0,75.0,83.0,264.0,Q3,2018,2018-09-30
Saskatchewan,964.0,459.0,505.0,40.0,78.0,387.0,Q4,2018,2018-12-31
Saskatchewan,345.0,192.0,153.0,19.0,67.0,67.0,Q1,2019,2019-03-31
Saskatchewan,614.0,349.0,265.0,59.0,60.0,146.0,Q2,2019,2019-06-30
Saskatchewan,797.0,382.0,415.0,40.0,57.0,318.0,Q3,2019,2019-09-30
Saskatchewan,671.0,374.0,297.0,19.0,88.0,190.0,Q4,2019,2019-12-31
Saskatchewan,502.0,197.0,305.0,15.0,84.0,206.0,Q1,2020,2020-03-31
Saskatchewan,606.0,289.0,317.0,46.0,32.0,239.0,Q2,2020,2020-06-30
Saskatchewan,1179.0,474.0,705.0,34.0,163.0,508.0,Q3,2020,2020-09-30
Saskatchewan,800.0,448.0,352.0,75.0,117.0,160.0,Q4,2020,2020-12-31
Saskatchewan,1002.0,295.0,707.0,47.0,61.0,599.0,Q1,2021,2021-03-31
Saskatchewan,1233.0,592.0,641.0,61.0,209.0,371.0,Q2,2021,2021-06-30
Saskatchewan,1028.0,463.0,565.0,47.0,144.0,374.0,Q3,2021,2021-09-30
Saskatchewan,909.0,445.0,464.0,81.0,160.0,223.0,Q4,2021,2021-12-31
Saskatchewan,555.0,288.0,267.0,20.0,73.0,174.0,Q1,2022,2022-03-31
Saskatchewan,1589.0,568.0,1021.0,50.0,195.0,776.0,Q2,2022,2022-06-30
Saskatchewan,1114.0,537.0,577.0,72.0,108.0,397.0,Q3,2022,2022-09-30
Saskatchewan,953.0,347.0,606.0,18.0,83.0,505.0,Q4,2022,2022-12-31
Saskatchewan,845.0,151.0,694.0,12.0,46.0,636.0,Q1,2023,2023-03-31
Saskatchewan,1084.0,398.0,686.0,66.0,100.0,520.0,Q2,2023,2023-06-30
Saskatchewan,1339.0,455.0,884.0,61.0,73.0,750.0,Q3,2023,2023-09-30
Saskatchewan,1351.0,434.0,917.0,56.0,42.0,819.0,Q4,2023,2023-12-31
Saskatchewan,704.0,197.0,507.0,51.0,94.0,362.0,Q1,2024,2024-03-31
Saskatchewan,932.0,374.0,558.0,56.0,92.0,410.0,Q2,2024,2024-06-30
Saskatchewan,1499.0,473.0,1026.0,50.0,167.0,809.0,Q3,2024,2024-09-30
Saskatchewan,1184.0,492.0,692.0,59.0,151.0,482.0,Q4,2024,2024-12-31
Saskatchewan,1316.0,326.0,990.0,60.0,332.0,598.0,Q1,2025,2025-03-31
Saskatchewan,1592.0,580.0,1012.0,80.0,126.0,806.0,Q2,2025,2025-06-30
Saskatchewan,1713.0,633.0,1080.0,66.0,114.0,900.0,Q3,2025,2025-09-30
