province,reference_period,immigrants,net_emigration,emigrants,returning_emigrants,net_temp_emigration,net_npr,npr_inflows,npr_outflows,quarter,year,quarter_date
Alberta,Q1 2010,6765.0,1313.0,1450.0,668.0,531.0,-141.0,,,Q1,2010,2010-03-31
Alberta,Q2 2010,9732.0,1082.0,1731.0,1211.0,562.0,-647.0,,,Q2,2010,2010-06-30
Alberta,Q3 2010,9485.0,825.0,2169.0,2002.0,658.0,-1794.0,,,Q3,2010,2010-09-30
Alberta,Q4 2010,6675.0,1167.0,1530.0,907.0,544.0,-6587.0,,,Q4,2010,2010-12-31
Alberta,Q1 2011,5917.0,1284.0,1617.0,878.0,545.0,-220.0,,,Q1,2011,2011-03-31
Alberta,Q2 2011,8387.0,410.0,1485.0,1627.0,552.0,140.0,,,Q2,2011,2011-06-30
Alberta,Q3 2011,8971.0,1897.0,3128.0,1886.0,655.0,257.0,,,Q3,2011,2011-09-30
Alberta,Q4 2011,7689.0,1390.0,1666.0,808.0,532.0,1513.0,,,Q4,2011,2011-12-31
Alberta,Q1 2012,7518.0,1370.0,1654.0,801.0,517.0,1585.0,,,Q1,2012,2012-03-31
Alberta,Q2 2012,10385.0,807.0,1777.0,1486.0,516.0,3141.0,,,Q2,2012,2012-06-30
Alberta,Q3 2012,9082.0,1508.0,2875.0,2007.0,640.0,1865.0,,,Q3,2012,2012-09-30
Alberta,Q4 2012,9107.0,1261.0,1502.0,757.0,516.0,-360.0,,,Q4,2012,2012-12-31
Alberta,Q1 2013,8093.0,1350.0,1569.0,752.0,533.0,5274.0,,,Q1,2013,2013-03-31
Alberta,Q2 2013,10583.0,811.0,1710.0,1428.0,529.0,7361.0,,,Q2,2013,2013-06-30
Alberta,Q3 2013,9154.0,792.0,2451.0,2282.0,623.0,4847.0,,,Q3,2013,2013-09-30
Alberta,Q4 2013,8802.0,1311.0,1576.0,792.0,527.0,1063.0,,,Q4,2013,2013-12-31
Alberta,Q1 2014,10350.0,1538.0,1773.0,768.0,533.0,1368.0,,,Q1,2014,2014-03-31
Alberta,Q2 2014,12752.0,908.0,1792.0,1418.0,534.0,297.0,,,Q2,2014,2014-06-30
Alberta,Q3 2014,10274.0,1353.0,2889.0,2180.0,644.0,14.0,,,Q3,2014,2014-09-30
Alberta,Q4 2014,9147.0,1423.0,1750.0,840.0,513.0,-5608.0,,,Q4,2014,2014-12-31
Alberta,Q1 2015,8204.0,1511.0,1738.0,757.0,530.0,-5841.0,,,Q1,2015,2015-03-31
Alberta,Q2 2015,11971.0,904.0,1955.0,1582.0,531.0,912.0,,,Q2,2015,2015-06-30
Alberta,Q3 2015,14171.0,1531.0,3032.0,2162.0,661.0,-4994.0,,,Q3,2015,2015-09-30
Alberta,Q4 2015,12888.0,1754.0,1979.0,754.0,529.0,-5144.0,,,Q4,2015,2015-12-31
Alberta,Q1 2016,15373.0,1762.0,2004.0,766.0,524.0,-3589.0,,,Q1,2016,2016-03-31
Alberta,Q2 2016,15435.0,1068.0,1987.0,1423.0,504.0,-2960.0,,,Q2,2016,2016-06-30
Alberta,Q3 2016,10098.0,2573.0,5569.0,2996.0,,-84.0,,,Q3,2016,2016-09-30
Alberta,Q4 2016,8350.0,2064.0,3342.0,1278.0,,-1681.0,,,Q4,2016,2016-12-31
Alberta,Q1 2017,13387.0,2231.0,3567.0,1336.0,,-4899.0,,,Q1,2017,2017-03-31
Alberta,Q2 2017,12291.0,1500.0,3487.0,1987.0,,-1106.0,,,Q2,2017,2017-06-30
Alberta,Q3 2017,8449.0,1712.0,4633.0,2921.0,,2771.0,,,Q3,2017,2017-09-30
Alberta,Q4 2017,7993.0,1264.0,2444.0,1180.0,,-1084.0,,,Q4,2017,2017-12-31
Alberta,Q1 2018,10619.0,1564.0,2751.0,1187.0,,-2025.0,,,Q1,2018,2018-03-31
Alberta,Q2 2018,11636.0,1034.0,2973.0,1939.0,,-767.0,,,Q2,2018,2018-06-30
Alberta,Q3 2018,10392.0,1140.0,4075.0,2935.0,,2280.0,,,Q3,2018,2018-09-30
Alberta,Q4 2018,9367.0,1403.0,2659.0,1256.0,,-1049.0,,,Q4,2018,2018-12-31
Alberta,Q1 2019,8545.0,1619.0,2778.0,1159.0,,503.0,,,Q1,2019,2019-03-31
Alberta,Q2 2019,12419.0,969.0,2818.0,1849.0,,1354.0,,,Q2,2019,2019-06-30
Alberta,Q3 2019,12700.0,1510.0,4245.0,2735.0,,2990.0,,,Q3,2019,2019-09-30
Alberta,Q4 2019,10053.0,1137.0,2252.0,1115.0,,1197.0,,,Q4,2019,2019-12-31
Alberta,Q1 2020,8478.0,1381.0,2639.0,1258.0,,-614.0,,,Q1,2020,2020-03-31
Alberta,Q2 2020,4263.0,427.0,1037.0,610.0,,-3375.0,,,Q2,2020,2020-06-30
Alberta,Q3 2020,4895.0,274.0,2368.0,2094.0,,-5135.0,,,Q3,2020,2020-09-30
Alberta,Q4 2020,5334.0,1176.0,2283.0,1107.0,,577.0,,,Q4,2020,2020-12-31
Alberta,Q1 2021,6775.0,1652.0,2499.0,847.0,,1072.0,,,Q1,2021,2021-03-31
Alberta,Q2 2021,7018.0,1476.0,2488.0,1012.0,,-1013.0,,,Q2,2021,2021-06-30
Alberta,Q3 2021,11475.0,1152.0,3688.0,2536.0,,3812.0,13981.0,10169.0,Q3,2021,2021-09-30
Alberta,Q4 2021,14123.0,1661.0,3210.0,1549.0,,-1678.0,8101.0,9779.0,Q4,2021,2021-12-31
Alberta,Q1 2022,12707.0,2093.0,3375.0,1282.0,,1517.0,8584.0,7067.0,Q1,2022,2022-03-31
Alberta,Q2 2022,14255.0,1398.0,3350.0,1952.0,,9839.0,15181.0,5342.0,Q2,2022,2022-06-30
Alberta,Q3 2022,12640.0,1832.0,4738.0,2906.0,,18771.0,26148.0,7377.0,Q3,2022,2022-09-30
Alberta,Q4 2022,9933.0,1590.0,3102.0,1512.0,,17591.0,22260.0,4669.0,Q4,2022,2022-12-31
Alberta,Q1 2023,17157.0,1818.0,3148.0,1330.0,,16488.0,25287.0,8799.0,Q1,2023,2023-03-31
Alberta,Q2 2023,14581.0,1134.0,3162.0,2028.0,,20152.0,24828.0,4676.0,Q2,2023,2023-06-30
Alberta,Q3 2023,11869.0,2079.0,5183.0,3104.0,,32345.0,39252.0,6907.0,Q3,2023,2023-09-30
Alberta,Q4 2023,13981.0,1477.0,2936.0,1459.0,,24228.0,30843.0,6615.0,Q4,2023,2023-12-31
Alberta,Q1 2024,15405.0,1724.0,3005.0,1281.0,,26876.0,34467.0,7591.0,Q1,2024,2024-03-31
Alberta,Q2 2024,19032.0,1044.0,3057.0,2013.0,,17130.0,26601.0,9471.0,Q2,2024,2024-06-30
Alberta,Q3 2024,16903.0,2141.0,5340.0,3199.0,,17284.0,28952.0,11668.0,Q3,2024,2024-09-30
Alberta,Q4 2024,15054.0,1520.0,3024.0,1504.0,,8722.0,19110.0,10388.0,Q4,2024,2024-12-31
Alberta,Q1 2025,13624.0,1779.0,3097.0,1318.0,,-669.0,12886.0,13555.0,Q1,2025,2025-03-31
Alberta,Q2 2025,12613.0,1075.0,3149.0,2074.0,,-3818.0,14119.0,17937.0,Q2,2025,2025-06-30
British Columbia,Q1 2010,9631.0,3092.0,2731.0,978.0,1339.0,4182.0,,,Q1,2010,2010-03-31
British Columbia,Q2 2010,12897.0,2311.0,2667.0,1772.0,1416.0,-1574.0,,,Q2,2010,2010-06-30
British Columbia,Q3 2010,13512.0,3416.0,3729.0,1973.0,1660.0,5229.0,,,Q3,2010,2010-09-30
British Columbia,Q4 2010,8155.0,3292.0,2813.0,893.0,1372.0,-7194.0,,,Q4,2010,2010-12-31
British Columbia,Q1 2011,7614.0,3140.0,2632.0,865.0,1373.0,1325.0,,,Q1,2011,2011-03-31
British Columbia,Q2 2011,9671.0,2424.0,2635.0,1603.0,1392.0,2651.0,,,Q2,2011,2011-06-30
British Columbia,Q3 2011,9882.0,3372.0,3939.0,2111.0,1544.0,9910.0,,,Q3,2011,2011-09-30
British Columbia,Q4 2011,7620.0,3818.0,3467.0,904.0,1255.0,-1021.0,,,Q4,2011,2011-12-31
British Columbia,Q1 2012,8656.0,3382.0,3060.0,898.0,1220.0,1830.0,,,Q1,2012,2012-03-31
British Columbia,Q2 2012,10079.0,2347.0,2792.0,1663.0,1218.0,3312.0,,,Q2,2012,2012-06-30
British Columbia,Q3 2012,9031.0,2956.0,3673.0,2228.0,1511.0,9390.0,,,Q3,2012,2012-09-30
British Columbia,Q4 2012,8469.0,3344.0,2966.0,840.0,1218.0,-3845.0,,,Q4,2012,2012-12-31
British Columbia,Q1 2013,8107.0,3848.0,3425.0,833.0,1256.0,2592.0,,,Q1,2013,2013-03-31
British Columbia,Q2 2013,10128.0,2475.0,2809.0,1585.0,1251.0,2597.0,,,Q2,2013,2013-06-30
British Columbia,Q3 2013,8936.0,2459.0,3539.0,2553.0,1473.0,11660.0,,,Q3,2013,2013-09-30
British Columbia,Q4 2013,9042.0,3933.0,3574.0,886.0,1245.0,-4977.0,,,Q4,2013,2013-12-31
British Columbia,Q1 2014,9564.0,3444.0,3045.0,859.0,1258.0,2991.0,,,Q1,2014,2014-03-31
British Columbia,Q2 2014,9936.0,2495.0,2820.0,1586.0,1261.0,1929.0,,,Q2,2014,2014-06-30
British Columbia,Q3 2014,7988.0,2628.0,3736.0,2628.0,1520.0,10950.0,,,Q3,2014,2014-09-30
British Columbia,Q4 2014,7682.0,3410.0,3213.0,1013.0,1210.0,-6912.0,,,Q4,2014,2014-12-31
British Columbia,Q1 2015,6784.0,3433.0,3096.0,913.0,1250.0,-1973.0,,,Q1,2015,2015-03-31
British Columbia,Q2 2015,9219.0,2072.0,2726.0,1908.0,1254.0,-20248.0,,,Q2,2015,2015-06-30
British Columbia,Q3 2015,10897.0,2829.0,4126.0,2857.0,1560.0,6242.0,,,Q3,2015,2015-09-30
British Columbia,Q4 2015,8831.0,3559.0,3308.0,996.0,1247.0,-4432.0,,,Q4,2015,2015-12-31
British Columbia,Q1 2016,11766.0,3248.0,3025.0,1013.0,1236.0,2477.0,,,Q1,2016,2016-03-31
British Columbia,Q2 2016,11729.0,2023.0,2713.0,1881.0,1191.0,5514.0,,,Q2,2016,2016-06-30
British Columbia,Q3 2016,7820.0,3380.0,7295.0,3915.0,,11345.0,,,Q3,2016,2016-09-30
British Columbia,Q4 2016,6774.0,4159.0,6075.0,1916.0,,-1461.0,,,Q4,2016,2016-12-31
British Columbia,Q1 2017,10660.0,4124.0,6060.0,1936.0,,2599.0,,,Q1,2017,2017-03-31
British Columbia,Q2 2017,10158.0,2300.0,4969.0,2669.0,,7675.0,,,Q2,2017,2017-06-30
British Columbia,Q3 2017,8698.0,2271.0,5840.0,3569.0,,15002.0,,,Q3,2017,2017-09-30
British Columbia,Q4 2017,8949.0,3367.0,5132.0,1765.0,,1564.0,,,Q4,2017,2017-12-31
British Columbia,Q1 2018,12187.0,3324.0,5006.0,1682.0,,3752.0,,,Q1,2018,2018-03-31
British Columbia,Q2 2018,12066.0,1956.0,4441.0,2485.0,,9441.0,,,Q2,2018,2018-06-30
British Columbia,Q3 2018,10859.0,1993.0,5599.0,3606.0,,16608.0,,,Q3,2018,2018-09-30
British Columbia,Q4 2018,9742.0,2893.0,4590.0,1697.0,,-1774.0,,,Q4,2018,2018-12-31
British Columbia,Q1 2019,8846.0,2758.0,4259.0,1501.0,,8072.0,,,Q1,2019,2019-03-31
British Columbia,Q2 2019,13686.0,1406.0,3640.0,2234.0,,8986.0,,,Q2,2019,2019-06-30
British Columbia,Q3 2019,15899.0,1658.0,5541.0,3883.0,,16450.0,,,Q3,2019,2019-09-30
British Columbia,Q4 2019,11797.0,2527.0,4304.0,1777.0,,-4528.0,,,Q4,2019,2019-12-31
British Columbia,Q1 2020,11035.0,2521.0,4426.0,1905.0,,-1341.0,,,Q1,2020,2020-03-31
British Columbia,Q2 2020,6064.0,435.0,1281.0,846.0,,-9978.0,,,Q2,2020,2020-06-30
British Columbia,Q3 2020,4888.0,68.0,2782.0,2714.0,,-12917.0,,,Q3,2020,2020-09-30
British Columbia,Q4 2020,6495.0,1471.0,2884.0,1413.0,,-2906.0,,,Q4,2020,2020-12-31
British Columbia,Q1 2021,10278.0,2249.0,3326.0,1077.0,,4267.0,,,Q1,2021,2021-03-31
British Columbia,Q2 2021,12722.0,1725.0,2967.0,1242.0,,2711.0,,,Q2,2021,2021-06-30
British Columbia,Q3 2021,23138.0,1381.0,4231.0,2850.0,,12537.0,44198.0,31661.0,Q3,2021,2021-09-30
British Columbia,Q4 2021,23334.0,2556.0,4366.0,1810.0,,-6010.0,24720.0,30730.0,Q4,2021,2021-12-31
British Columbia,Q1 2022,20737.0,3483.0,5054.0,1571.0,,5817.0,27181.0,21364.0,Q1,2022,2022-03-31
British Columbia,Q2 2022,16013.0,2313.0,4529.0,2216.0,,22992.0,37261.0,14269.0,Q2,2022,2022-06-30
British Columbia,Q3 2022,16087.0,3160.0,6148.0,2988.0,,36376.0,59774.0,23398.0,Q3,2022,2022-09-30
British Columbia,Q4 2022,8392.0,3330.0,5096.0,1766.0,,23806.0,42444.0,18638.0,Q4,2022,2022-12-31
British Columbia,Q1 2023,24494.0,4525.0,6240.0,1715.0,,13209.0,37236.0,24027.0,Q1,2023,2023-03-31
British Columbia,Q2 2023,17307.0,2654.0,4978.0,2324.0,,31359.0,48867.0,17508.0,Q2,2023,2023-06-30
British Columbia,Q3 2023,13754.0,3872.0,7318.0,3446.0,,50237.0,75316.0,25079.0,Q3,2023,2023-09-30
British Columbia,Q4 2023,15273.0,3465.0,5307.0,1842.0,,19730.0,48244.0,28514.0,Q4,2023,2023-12-31
British Columbia,Q1 2024,17786.0,4857.0,6745.0,1888.0,,26019.0,47909.0,21890.0,Q1,2024,2024-03-31
British Columbia,Q2 2024,16793.0,2603.0,4917.0,2314.0,,16919.0,39671.0,22752.0,Q2,2024,2024-06-30
British Columbia,Q3 2024,15807.0,3988.0,7539.0,3551.0,,15174.0,47970.0,32796.0,Q3,2024,2024-09-30
British Columbia,Q4 2024,12740.0,3568.0,5467.0,1899.0,,-5085.0,24739.0,29824.0,Q4,2024,2024-12-31
British Columbia,Q1 2025,14916.0,5007.0,6951.0,1944.0,,-8002.0,20981.0,28983.0,Q1,2025,2025-03-31
British Columbia,Q2 2025,12740.0,2683.0,5066.0,2383.0,,-14699.0,21717.0,36416.0,Q2,2025,2025-06-30
Canada,Q1 2010,58056.0,10874.0,12301.0,5704.0,4277.0,12495.0,,,Q1,2010,2010-03-31
Canada,Q2 2010,80807.0,8022.0,13836.0,10338.0,4524.0,13242.0,,,Q2,2010,2010-06-30
Canada,Q3 2010,84305.0,11398.0,19826.0,13733.0,5305.0,20172.0,,,Q3,2010,2010-09-30
Canada,Q4 2010,57571.0,11893.0,13725.0,6215.0,4383.0,-33982.0,,,Q4,2010,2010-12-31
Canada,Q1 2011,49571.0,12114.0,13747.0,6018.0,4385.0,9741.0,,,Q1,2011,2011-03-31
Canada,Q2 2011,67696.0,7457.0,14168.0,11160.0,4449.0,18793.0,,,Q2,2011,2011-06-30
Canada,Q3 2011,71864.0,16013.0,22222.0,14070.0,7861.0,24890.0,,,Q3,2011,2011-09-30
Canada,Q4 2011,59604.0,15348.0,14988.0,6027.0,6387.0,-10622.0,,,Q4,2011,2011-12-31
Canada,Q1 2012,55566.0,14350.0,14120.0,5984.0,6214.0,13606.0,,,Q1,2012,2012-03-31
Canada,Q2 2012,73009.0,9175.0,14063.0,11089.0,6201.0,27526.0,,,Q2,2012,2012-06-30
Canada,Q3 2012,66907.0,12985.0,20315.0,15023.0,7693.0,30588.0,,,Q3,2012,2012-09-30
Canada,Q4 2012,62343.0,13916.0,13375.0,5663.0,6204.0,-25513.0,,,Q4,2012,2012-12-31
Canada,Q1 2013,58255.0,15063.0,14286.0,5622.0,6399.0,14639.0,,,Q1,2013,2013-03-31
Canada,Q2 2013,75610.0,9838.0,14153.0,10686.0,6371.0,29807.0,,,Q2,2013,2013-06-30
Canada,Q3 2013,65409.0,11396.0,19902.0,16003.0,7497.0,38620.0,,,Q3,2013,2013-09-30
Canada,Q4 2013,59772.0,15153.0,14368.0,5556.0,6341.0,-30082.0,,,Q4,2013,2013-12-31
Canada,Q1 2014,64461.0,15698.0,14680.0,5388.0,6406.0,6046.0,,,Q1,2014,2014-03-31
Canada,Q2 2014,78294.0,11254.0,14772.0,9942.0,6424.0,18283.0,,,Q2,2014,2014-06-30
Canada,Q3 2014,65546.0,13862.0,21768.0,15647.0,7741.0,33889.0,,,Q3,2014,2014-09-30
Canada,Q4 2014,52007.0,14142.0,14002.0,6027.0,6167.0,-41248.0,,,Q4,2014,2014-12-31
Canada,Q1 2015,51129.0,15927.0,14989.0,5431.0,6369.0,-11185.0,,,Q1,2015,2015-03-31
Canada,Q2 2015,72093.0,10113.0,15078.0,11353.0,6388.0,8703.0,,,Q2,2015,2015-06-30
Canada,Q3 2015,78903.0,14644.0,23493.0,16797.0,7948.0,19982.0,,,Q3,2015,2015-09-30
Canada,Q4 2015,69742.0,15882.0,15385.0,5855.0,6352.0,-26830.0,,,Q4,2015,2015-12-31
Canada,Q1 2016,86246.0,15462.0,15111.0,5951.0,6302.0,11939.0,,,Q1,2016,2016-03-31
Canada,Q2 2016,88297.0,8909.0,13904.0,11057.0,6062.0,30357.0,,,Q2,2016,2016-06-30
Canada,Q3 2016,68231.0,16648.0,41778.0,25130.0,,53175.0,,,Q3,2016,2016-09-30
Canada,Q4 2016,53611.0,15753.0,26680.0,10927.0,,-6749.0,,,Q4,2016,2016-12-31
Canada,Q1 2017,72837.0,15964.0,27115.0,11151.0,,10350.0,,,Q1,2017,2017-03-31
Canada,Q2 2017,78015.0,8115.0,24391.0,16276.0,,47000.0,,,Q2,2017,2017-06-30
Canada,Q3 2017,70134.0,8878.0,31704.0,22826.0,,78277.0,,,Q3,2017,2017-09-30
Canada,Q4 2017,65551.0,10875.0,20803.0,9928.0,,2407.0,,,Q4,2017,2017-12-31
Canada,Q1 2018,80007.0,13487.0,23635.0,10148.0,,22568.0,,,Q1,2018,2018-03-31
Canada,Q2 2018,87677.0,6625.0,22129.0,15504.0,,59321.0,,,Q2,2018,2018-06-30
Canada,Q3 2018,82292.0,7025.0,30291.0,23266.0,,76425.0,,,Q3,2018,2018-09-30
Canada,Q4 2018,71078.0,10778.0,20980.0,10202.0,,-3397.0,,,Q4,2018,2018-12-31
Canada,Q1 2019,65953.0,11957.0,21331.0,9374.0,,30543.0,,,Q1,2019,2019-03-31
Canada,Q2 2019,94280.0,5206.0,19602.0,14396.0,,65262.0,,,Q2,2019,2019-06-30
Canada,Q3 2019,103713.0,9073.0,30675.0,21602.0,,80029.0,,,Q3,2019,2019-09-30
Canada,Q4 2019,77228.0,9555.0,18852.0,9297.0,,13947.0,,,Q4,2019,2019-12-31
Canada,Q1 2020,69140.0,10408.0,20633.0,10225.0,,6109.0,,,Q1,2020,2020-03-31
Canada,Q2 2020,34072.0,2633.0,7431.0,4798.0,,-24820.0,,,Q2,2020,2020-06-30
Canada,Q3 2020,40119.0,-78.0,17305.0,17383.0,,-67698.0,,,Q3,2020,2020-09-30
Canada,Q4 2020,41263.0,6272.0,15038.0,8766.0,,-9657.0,,,Q4,2020,2020-12-31
Canada,Q1 2021,70492.0,10498.0,17184.0,6686.0,,13627.0,,,Q1,2021,2021-03-31
Canada,Q2 2021,74440.0,9034.0,17100.0,8066.0,,12009.0,,,Q2,2021,2021-06-30
Canada,Q3 2021,122916.0,7898.0,26453.0,18555.0,,80749.0,224022.0,143273.0,Q3,2021,2021-09-30
Canada,Q4 2021,138198.0,11731.0,22620.0,10889.0,,-28898.0,130322.0,159220.0,Q4,2021,2021-12-31
Canada,Q1 2022,113803.0,16312.0,25394.0,9082.0,,34084.0,131483.0,97399.0,Q1,2022,2022-03-31
Canada,Q2 2022,118319.0,11312.0,25289.0,13977.0,,138780.0,211335.0,72555.0,Q2,2022,2022-06-30
Canada,Q3 2022,122199.0,16623.0,35112.0,18489.0,,214263.0,322370.0,108107.0,Q3,2022,2022-09-30
Canada,Q4 2022,83291.0,14323.0,24377.0,10054.0,,151584.0,248672.0,97088.0,Q4,2022,2022-12-31
Canada,Q1 2023,145496.0,18928.0,28289.0,9361.0,,100487.0,214441.0,113954.0,Q1,2023,2023-03-31
Canada,Q2 2023,117927.0,11835.0,25513.0,13678.0,,205191.0,282118.0,76927.0,Q2,2023,2023-06-30
Canada,Q3 2023,107988.0,19286.0,39617.0,20331.0,,314059.0,432203.0,118144.0,Q3,2023,2023-09-30
Canada,Q4 2023,100406.0,14031.0,23948.0,9917.0,,169369.0,294518.0,125149.0,Q4,2023,2023-12-31
Canada,Q1 2024,121778.0,19368.0,28938.0,9570.0,,161892.0,274625.0,112733.0,Q1,2024,2024-03-31
Canada,Q2 2024,134172.0,10767.0,23985.0,13218.0,,135755.0,250307.0,114552.0,Q2,2024,2024-06-30
Canada,Q3 2024,124266.0,19869.0,40818.0,20949.0,,109961.0,270287.0,160326.0,Q3,2024,2024-09-30
Canada,Q4 2024,103438.0,14448.0,24668.0,10220.0,,-11002.0,149705.0,160707.0,Q4,2024,2024-12-31
Canada,Q1 2025,104210.0,19961.0,29816.0,9855.0,,-55194.0,115837.0,171031.0,Q1,2025,2025-03-31
Canada,Q2 2025,103507.0,11094.0,24714.0,13620.0,,-58719.0,140331.0,199050.0,Q2,2025,2025-06-30
Manitoba,Q1 2010,3224.0,230.0,306.0,173.0,97.0,-372.0,,,Q1,2010,2010-03-31
Manitoba,Q2 2010,4453.0,183.0,393.0,313.0,103.0,189.0,,,Q2,2010,2010-06-30
Manitoba,Q3 2010,4677.0,166.0,506.0,461.0,121.0,12.0,,,Q3,2010,2010-09-30
Manitoba,Q4 2010,3460.0,334.0,443.0,209.0,100.0,-360.0,,,Q4,2010,2010-12-31
Manitoba,Q1 2011,3090.0,199.0,301.0,202.0,100.0,0.0,,,Q1,2011,2011-03-31
Manitoba,Q2 2011,4614.0,81.0,354.0,375.0,102.0,-130.0,,,Q2,2011,2011-06-30
Manitoba,Q3 2011,4528.0,137.0,562.0,528.0,103.0,-288.0,,,Q3,2011,2011-09-30
Manitoba,Q4 2011,3742.0,191.0,335.0,227.0,83.0,281.0,,,Q4,2011,2011-12-31
Manitoba,Q1 2012,3246.0,142.0,287.0,226.0,81.0,50.0,,,Q1,2012,2012-03-31
Manitoba,Q2 2012,3585.0,25.0,360.0,417.0,82.0,490.0,,,Q2,2012,2012-06-30
Manitoba,Q3 2012,3234.0,11.0,506.0,595.0,100.0,503.0,,,Q3,2012,2012-09-30
Manitoba,Q4 2012,3266.0,241.0,384.0,224.0,81.0,211.0,,,Q4,2012,2012-12-31
Manitoba,Q1 2013,2610.0,140.0,278.0,222.0,84.0,377.0,,,Q1,2013,2013-03-31
Manitoba,Q2 2013,3588.0,-13.0,327.0,423.0,83.0,673.0,,,Q2,2013,2013-06-30
Manitoba,Q3 2013,3406.0,28.0,501.0,571.0,98.0,334.0,,,Q3,2013,2013-09-30
Manitoba,Q4 2013,3517.0,264.0,379.0,198.0,83.0,31.0,,,Q4,2013,2013-12-31
Manitoba,Q1 2014,3695.0,264.0,372.0,192.0,84.0,190.0,,,Q1,2014,2014-03-31
Manitoba,Q2 2014,4844.0,30.0,301.0,355.0,84.0,488.0,,,Q2,2014,2014-06-30
Manitoba,Q3 2014,4230.0,273.0,661.0,490.0,102.0,745.0,,,Q3,2014,2014-09-30
Manitoba,Q4 2014,3465.0,314.0,421.0,188.0,81.0,-140.0,,,Q4,2014,2014-12-31
Manitoba,Q1 2015,3071.0,361.0,448.0,170.0,83.0,-46.0,,,Q1,2015,2015-03-31
Manitoba,Q2 2015,4037.0,104.0,377.0,356.0,83.0,3819.0,,,Q2,2015,2015-06-30
Manitoba,Q3 2015,4075.0,198.0,610.0,517.0,105.0,646.0,,,Q3,2015,2015-09-30
Manitoba,Q4 2015,3715.0,304.0,403.0,181.0,82.0,820.0,,,Q4,2015,2015-12-31
Manitoba,Q1 2016,4376.0,290.0,390.0,183.0,83.0,635.0,,,Q1,2016,2016-03-31
Manitoba,Q2 2016,5284.0,104.0,364.0,340.0,80.0,1279.0,,,Q2,2016,2016-06-30
Manitoba,Q3 2016,4195.0,342.0,1086.0,744.0,,1963.0,,,Q3,2016,2016-09-30
Manitoba,Q4 2016,2973.0,461.0,797.0,336.0,,845.0,,,Q4,2016,2016-12-31
Manitoba,Q1 2017,3885.0,407.0,735.0,328.0,,478.0,,,Q1,2017,2017-03-31
Manitoba,Q2 2017,4505.0,184.0,681.0,497.0,,1716.0,,,Q2,2017,2017-06-30
Manitoba,Q3 2017,3762.0,330.0,948.0,618.0,,2115.0,,,Q3,2017,2017-09-30
Manitoba,Q4 2017,2487.0,518.0,834.0,316.0,,1604.0,,,Q4,2017,2017-12-31
Manitoba,Q1 2018,3429.0,249.0,486.0,237.0,,5.0,,,Q1,2018,2018-03-31
Manitoba,Q2 2018,4494.0,240.0,661.0,421.0,,1731.0,,,Q2,2018,2018-06-30
Manitoba,Q3 2018,3886.0,120.0,895.0,775.0,,1585.0,,,Q3,2018,2018-09-30
Manitoba,Q4 2018,3416.0,276.0,605.0,329.0,,716.0,,,Q4,2018,2018-12-31
Manitoba,Q1 2019,3232.0,212.0,485.0,273.0,,56.0,,,Q1,2019,2019-03-31
Manitoba,Q2 2019,5377.0,120.0,605.0,485.0,,674.0,,,Q2,2019,2019-06-30
Manitoba,Q3 2019,6105.0,355.0,878.0,523.0,,-552.0,,,Q3,2019,2019-09-30
Manitoba,Q4 2019,4154.0,337.0,576.0,239.0,,43.0,,,Q4,2019,2019-12-31
Manitoba,Q1 2020,3019.0,267.0,503.0,236.0,,-392.0,,,Q1,2020,2020-03-31
Manitoba,Q2 2020,1458.0,83.0,195.0,112.0,,-409.0,,,Q2,2020,2020-06-30
Manitoba,Q3 2020,2250.0,-39.0,412.0,451.0,,-1925.0,,,Q3,2020,2020-09-30
Manitoba,Q4 2020,1881.0,513.0,828.0,315.0,,948.0,,,Q4,2020,2020-12-31
Manitoba,Q1 2021,3389.0,379.0,580.0,201.0,,916.0,,,Q1,2021,2021-03-31
Manitoba,Q2 2021,2659.0,271.0,490.0,219.0,,540.0,,,Q2,2021,2021-06-30
Manitoba,Q3 2021,4679.0,372.0,819.0,447.0,,1780.0,5349.0,3569.0,Q3,2021,2021-09-30
Manitoba,Q4 2021,5849.0,766.0,1154.0,388.0,,22.0,3402.0,3380.0,Q4,2021,2021-12-31
Manitoba,Q1 2022,5161.0,513.0,777.0,264.0,,490.0,2951.0,2461.0,Q1,2022,2022-03-31
Manitoba,Q2 2022,5654.0,306.0,665.0,359.0,,4375.0,6086.0,1711.0,Q2,2022,2022-06-30
Manitoba,Q3 2022,6386.0,502.0,1119.0,617.0,,6582.0,9419.0,2837.0,Q3,2022,2022-09-30
Manitoba,Q4 2022,4472.0,427.0,813.0,386.0,,7143.0,8345.0,1202.0,Q4,2022,2022-12-31
Manitoba,Q1 2023,8854.0,490.0,769.0,279.0,,3857.0,8825.0,4968.0,Q1,2023,2023-03-31
Manitoba,Q2 2023,5890.0,212.0,613.0,401.0,,5309.0,7785.0,2476.0,Q2,2023,2023-06-30
Manitoba,Q3 2023,5032.0,507.0,1134.0,627.0,,7102.0,10538.0,3436.0,Q3,2023,2023-09-30
Manitoba,Q4 2023,5142.0,238.0,516.0,278.0,,6328.0,8524.0,2196.0,Q4,2023,2023-12-31
Manitoba,Q1 2024,5674.0,497.0,778.0,281.0,,6957.0,9718.0,2761.0,Q1,2024,2024-03-31
Manitoba,Q2 2024,7741.0,183.0,575.0,392.0,,1836.0,6267.0,4431.0,Q2,2024,2024-06-30
Manitoba,Q3 2024,6813.0,522.0,1168.0,646.0,,2838.0,7458.0,4620.0,Q3,2024,2024-09-30
Manitoba,Q4 2024,4475.0,246.0,532.0,286.0,,1544.0,4988.0,3444.0,Q4,2024,2024-12-31
Manitoba,Q1 2025,5385.0,512.0,802.0,290.0,,-2706.0,2919.0,5625.0,Q1,2025,2025-03-31
Manitoba,Q2 2025,4760.0,189.0,593.0,404.0,,-3008.0,3672.0,6680.0,Q2,2025,2025-06-30
New Brunswick,Q1 2010,425.0,63.0,96.0,76.0,43.0,13.0,,,Q1,2010,2010-03-31
New Brunswick,Q2 2010,555.0,0.0,93.0,137.0,44.0,74.0,,,Q2,2010,2010-06-30
New Brunswick,Q3 2010,717.0,49.0,123.0,127.0,53.0,305.0,,,Q3,2010,2010-09-30
New Brunswick,Q4 2010,428.0,61.0,76.0,58.0,43.0,-79.0,,,Q4,2010,2010-12-31
New Brunswick,Q1 2011,377.0,54.0,65.0,55.0,44.0,-22.0,,,Q1,2011,2011-03-31
New Brunswick,Q2 2011,464.0,28.0,88.0,104.0,44.0,119.0,,,Q2,2011,2011-06-30
New Brunswick,Q3 2011,511.0,100.0,172.0,131.0,59.0,133.0,,,Q3,2011,2011-09-30
New Brunswick,Q4 2011,615.0,72.0,79.0,56.0,49.0,-71.0,,,Q4,2011,2011-12-31
New Brunswick,Q1 2012,554.0,70.0,79.0,56.0,47.0,7.0,,,Q1,2012,2012-03-31
New Brunswick,Q2 2012,574.0,34.0,91.0,104.0,47.0,200.0,,,Q2,2012,2012-06-30
New Brunswick,Q3 2012,592.0,52.0,119.0,126.0,59.0,164.0,,,Q3,2012,2012-09-30
New Brunswick,Q4 2012,492.0,62.0,62.0,48.0,48.0,-122.0,,,Q4,2012,2012-12-31
New Brunswick,Q1 2013,353.0,62.0,61.0,47.0,48.0,-89.0,,,Q1,2013,2013-03-31
New Brunswick,Q2 2013,582.0,29.0,69.0,89.0,49.0,68.0,,,Q2,2013,2013-06-30
New Brunswick,Q3 2013,597.0,82.0,152.0,127.0,57.0,287.0,,,Q3,2013,2013-09-30
New Brunswick,Q4 2013,488.0,72.0,68.0,44.0,48.0,-35.0,,,Q4,2013,2013-12-31
New Brunswick,Q1 2014,553.0,76.0,70.0,43.0,49.0,-178.0,,,Q1,2014,2014-03-31
New Brunswick,Q2 2014,662.0,86.0,116.0,79.0,49.0,247.0,,,Q2,2014,2014-06-30
New Brunswick,Q3 2014,970.0,159.0,192.0,92.0,59.0,381.0,,,Q3,2014,2014-09-30
New Brunswick,Q4 2014,652.0,111.0,99.0,35.0,47.0,-386.0,,,Q4,2014,2014-12-31
New Brunswick,Q1 2015,625.0,103.0,86.0,31.0,48.0,-438.0,,,Q1,2015,2015-03-31
New Brunswick,Q2 2015,550.0,111.0,128.0,66.0,49.0,1000.0,,,Q2,2015,2015-06-30
New Brunswick,Q3 2015,768.0,126.0,186.0,121.0,61.0,138.0,,,Q3,2015,2015-09-30
New Brunswick,Q4 2015,635.0,93.0,86.0,42.0,49.0,17.0,,,Q4,2015,2015-12-31
New Brunswick,Q1 2016,2036.0,98.0,93.0,43.0,48.0,-339.0,,,Q1,2016,2016-03-31
New Brunswick,Q2 2016,1061.0,76.0,110.0,80.0,46.0,577.0,,,Q2,2016,2016-06-30
New Brunswick,Q3 2016,971.0,99.0,292.0,193.0,,468.0,,,Q3,2016,2016-09-30
New Brunswick,Q4 2016,649.0,58.0,131.0,73.0,,-345.0,,,Q4,2016,2016-12-31
New Brunswick,Q1 2017,733.0,41.0,111.0,70.0,,-238.0,,,Q1,2017,2017-03-31
New Brunswick,Q2 2017,1106.0,45.0,169.0,124.0,,582.0,,,Q2,2017,2017-06-30
New Brunswick,Q3 2017,1096.0,116.0,375.0,259.0,,576.0,,,Q3,2017,2017-09-30
New Brunswick,Q4 2017,725.0,80.0,183.0,103.0,,-397.0,,,Q4,2017,2017-12-31
New Brunswick,Q1 2018,1162.0,109.0,218.0,109.0,,-346.0,,,Q1,2018,2018-03-31
New Brunswick,Q2 2018,1133.0,74.0,246.0,172.0,,874.0,,,Q2,2018,2018-06-30
New Brunswick,Q3 2018,1333.0,36.0,216.0,180.0,,1095.0,,,Q3,2018,2018-09-30
New Brunswick,Q4 2018,981.0,71.0,153.0,82.0,,-340.0,,,Q4,2018,2018-12-31
New Brunswick,Q1 2019,1055.0,77.0,152.0,75.0,,26.0,,,Q1,2019,2019-03-31
New Brunswick,Q2 2019,1707.0,24.0,133.0,109.0,,775.0,,,Q2,2019,2019-06-30
New Brunswick,Q3 2019,1948.0,-15.0,254.0,269.0,,1231.0,,,Q3,2019,2019-09-30
New Brunswick,Q4 2019,1294.0,43.0,157.0,114.0,,-529.0,,,Q4,2019,2019-12-31
New Brunswick,Q1 2020,1077.0,8.0,119.0,111.0,,-52.0,,,Q1,2020,2020-03-31
New Brunswick,Q2 2020,591.0,0.0,59.0,59.0,,-11.0,,,Q2,2020,2020-06-30
New Brunswick,Q3 2020,694.0,-43.0,153.0,196.0,,-604.0,,,Q3,2020,2020-09-30
New Brunswick,Q4 2020,526.0,9.0,100.0,91.0,,448.0,,,Q4,2020,2020-12-31
New Brunswick,Q1 2021,700.0,48.0,113.0,65.0,,579.0,,,Q1,2021,2021-03-31
New Brunswick,Q2 2021,768.0,63.0,155.0,92.0,,1044.0,,,Q2,2021,2021-06-30
New Brunswick,Q3 2021,1727.0,38.0,235.0,197.0,,2053.0,3533.0,1480.0,Q3,2021,2021-09-30
New Brunswick,Q4 2021,2120.0,49.0,153.0,104.0,,-129.0,1921.0,2050.0,Q4,2021,2021-12-31
New Brunswick,Q1 2022,1948.0,97.0,178.0,81.0,,221.0,1562.0,1341.0,Q1,2022,2022-03-31
New Brunswick,Q2 2022,2615.0,100.0,248.0,148.0,,2315.0,3399.0,1084.0,Q2,2022,2022-06-30
New Brunswick,Q3 2022,3319.0,155.0,275.0,120.0,,3919.0,5520.0,1601.0,Q3,2022,2022-09-30
New Brunswick,Q4 2022,2345.0,109.0,172.0,63.0,,970.0,2694.0,1724.0,Q4,2022,2022-12-31
New Brunswick,Q1 2023,2942.0,128.0,190.0,62.0,,1363.0,3268.0,1905.0,Q1,2023,2023-03-31
New Brunswick,Q2 2023,2415.0,168.0,268.0,100.0,,3302.0,4155.0,853.0,Q2,2023,2023-06-30
New Brunswick,Q3 2023,2883.0,159.0,284.0,125.0,,5825.0,8074.0,2249.0,Q3,2023,2023-09-30
New Brunswick,Q4 2023,3210.0,110.0,172.0,62.0,,1654.0,3781.0,2127.0,Q4,2023,2023-12-31
New Brunswick,Q1 2024,3986.0,121.0,177.0,56.0,,656.0,3802.0,3146.0,Q1,2024,2024-03-31
New Brunswick,Q2 2024,4896.0,158.0,252.0,94.0,,1609.0,4038.0,2429.0,Q2,2024,2024-06-30
New Brunswick,Q3 2024,4138.0,165.0,292.0,127.0,,3019.0,5511.0,2492.0,Q3,2024,2024-09-30
New Brunswick,Q4 2024,2472.0,112.0,178.0,66.0,,235.0,2321.0,2086.0,Q4,2024,2024-12-31
New Brunswick,Q1 2025,3214.0,126.0,183.0,57.0,,-1378.0,2111.0,3489.0,Q1,2025,2025-03-31
New Brunswick,Q2 2025,2708.0,162.0,259.0,97.0,,2.0,3028.0,3026.0,Q2,2025,2025-06-30
Newfoundland and Labrador,Q1 2010,142.0,27.0,22.0,24.0,29.0,-17.0,,,Q1,2010,2010-03-31
Newfoundland and Labrador,Q2 2010,200.0,17.0,30.0,44.0,31.0,123.0,,,Q2,2010,2010-06-30
Newfoundland and Labrador,Q3 2010,189.0,69.0,115.0,82.0,36.0,260.0,,,Q3,2010,2010-09-30
Newfoundland and Labrador,Q4 2010,184.0,61.0,68.0,37.0,30.0,-258.0,,,Q4,2010,2010-12-31
Newfoundland and Labrador,Q1 2011,130.0,56.0,62.0,36.0,30.0,62.0,,,Q1,2011,2011-03-31
Newfoundland and Labrador,Q2 2011,197.0,46.0,83.0,67.0,30.0,273.0,,,Q2,2011,2011-06-30
Newfoundland and Labrador,Q3 2011,172.0,73.0,88.0,57.0,42.0,272.0,,,Q3,2011,2011-09-30
Newfoundland and Labrador,Q4 2011,186.0,44.0,35.0,24.0,33.0,-27.0,,,Q4,2011,2011-12-31
Newfoundland and Labrador,Q1 2012,157.0,39.0,31.0,25.0,33.0,36.0,,,Q1,2012,2012-03-31
Newfoundland and Labrador,Q2 2012,227.0,37.0,50.0,45.0,32.0,390.0,,,Q2,2012,2012-06-30
Newfoundland and Labrador,Q3 2012,165.0,122.0,153.0,72.0,41.0,420.0,,,Q3,2012,2012-09-30
Newfoundland and Labrador,Q4 2012,184.0,91.0,85.0,27.0,33.0,-42.0,,,Q4,2012,2012-12-31
Newfoundland and Labrador,Q1 2013,76.0,96.0,88.0,26.0,34.0,121.0,,,Q1,2013,2013-03-31
Newfoundland and Labrador,Q2 2013,253.0,72.0,90.0,52.0,34.0,-43.0,,,Q2,2013,2013-06-30
Newfoundland and Labrador,Q3 2013,235.0,56.0,78.0,61.0,39.0,847.0,,,Q3,2013,2013-09-30
Newfoundland and Labrador,Q4 2013,269.0,62.0,49.0,21.0,34.0,-195.0,,,Q4,2013,2013-12-31
Newfoundland and Labrador,Q1 2014,181.0,57.0,45.0,21.0,33.0,-417.0,,,Q1,2014,2014-03-31
Newfoundland and Labrador,Q2 2014,340.0,51.0,55.0,38.0,34.0,181.0,,,Q2,2014,2014-06-30
Newfoundland and Labrador,Q3 2014,197.0,86.0,101.0,56.0,41.0,424.0,,,Q3,2014,2014-09-30
Newfoundland and Labrador,Q4 2014,181.0,64.0,53.0,22.0,33.0,-54.0,,,Q4,2014,2014-12-31
Newfoundland and Labrador,Q1 2015,197.0,57.0,43.0,20.0,34.0,-218.0,,,Q1,2015,2015-03-31
Newfoundland and Labrador,Q2 2015,272.0,54.0,61.0,41.0,34.0,488.0,,,Q2,2015,2015-06-30
Newfoundland and Labrador,Q3 2015,288.0,108.0,109.0,42.0,41.0,279.0,,,Q3,2015,2015-09-30
Newfoundland and Labrador,Q4 2015,362.0,73.0,54.0,14.0,33.0,-26.0,,,Q4,2015,2015-12-31
Newfoundland and Labrador,Q1 2016,419.0,77.0,58.0,15.0,34.0,-31.0,,,Q1,2016,2016-03-31
Newfoundland and Labrador,Q2 2016,358.0,77.0,72.0,27.0,32.0,278.0,,,Q2,2016,2016-06-30
Newfoundland and Labrador,Q3 2016,262.0,143.0,260.0,117.0,,732.0,,,Q3,2016,2016-09-30
Newfoundland and Labrador,Q4 2016,161.0,64.0,105.0,41.0,,-289.0,,,Q4,2016,2016-12-31
Newfoundland and Labrador,Q1 2017,261.0,48.0,87.0,39.0,,-145.0,,,Q1,2017,2017-03-31
Newfoundland and Labrador,Q2 2017,343.0,56.0,125.0,69.0,,27.0,,,Q2,2017,2017-06-30
Newfoundland and Labrador,Q3 2017,366.0,23.0,103.0,80.0,,579.0,,,Q3,2017,2017-09-30
Newfoundland and Labrador,Q4 2017,213.0,27.0,59.0,32.0,,-323.0,,,Q4,2017,2017-12-31
Newfoundland and Labrador,Q1 2018,296.0,33.0,64.0,31.0,,-155.0,,,Q1,2018,2018-03-31
Newfoundland and Labrador,Q2 2018,406.0,19.0,72.0,53.0,,-43.0,,,Q2,2018,2018-06-30
Newfoundland and Labrador,Q3 2018,482.0,34.0,115.0,81.0,,376.0,,,Q3,2018,2018-09-30
Newfoundland and Labrador,Q4 2018,343.0,44.0,81.0,37.0,,-116.0,,,Q4,2018,2018-12-31
Newfoundland and Labrador,Q1 2019,276.0,57.0,91.0,34.0,,75.0,,,Q1,2019,2019-03-31
Newfoundland and Labrador,Q2 2019,548.0,21.0,70.0,49.0,,18.0,,,Q2,2019,2019-06-30
Newfoundland and Labrador,Q3 2019,557.0,22.0,95.0,73.0,,660.0,,,Q3,2019,2019-09-30
Newfoundland and Labrador,Q4 2019,476.0,47.0,82.0,35.0,,-165.0,,,Q4,2019,2019-12-31
Newfoundland and Labrador,Q1 2020,361.0,34.0,70.0,36.0,,-146.0,,,Q1,2020,2020-03-31
Newfoundland and Labrador,Q2 2020,171.0,7.0,23.0,16.0,,-176.0,,,Q2,2020,2020-06-30
Newfoundland and Labrador,Q3 2020,135.0,9.0,89.0,80.0,,-631.0,,,Q3,2020,2020-09-30
Newfoundland and Labrador,Q4 2020,231.0,31.0,70.0,39.0,,-192.0,,,Q4,2020,2020-12-31
Newfoundland and Labrador,Q1 2021,259.0,56.0,88.0,32.0,,124.0,,,Q1,2021,2021-03-31
Newfoundland and Labrador,Q2 2021,259.0,51.0,89.0,38.0,,240.0,,,Q2,2021,2021-06-30
Newfoundland and Labrador,Q3 2021,579.0,31.0,99.0,68.0,,1042.0,1900.0,858.0,Q3,2021,2021-09-30
Newfoundland and Labrador,Q4 2021,952.0,37.0,78.0,41.0,,-81.0,793.0,874.0,Q4,2021,2021-12-31
Newfoundland and Labrador,Q1 2022,624.0,54.0,92.0,38.0,,-34.0,656.0,690.0,Q1,2022,2022-03-31
Newfoundland and Labrador,Q2 2022,686.0,53.0,106.0,53.0,,1303.0,1724.0,421.0,Q2,2022,2022-06-30
Newfoundland and Labrador,Q3 2022,1101.0,43.0,88.0,45.0,,1360.0,2437.0,1077.0,Q3,2022,2022-09-30
Newfoundland and Labrador,Q4 2022,1084.0,28.0,51.0,23.0,,1290.0,1890.0,600.0,Q4,2022,2022-12-31
Newfoundland and Labrador,Q1 2023,2045.0,33.0,54.0,21.0,,202.0,1541.0,1339.0,Q1,2023,2023-03-31
Newfoundland and Labrador,Q2 2023,1107.0,41.0,77.0,36.0,,1394.0,1897.0,503.0,Q2,2023,2023-06-30
Newfoundland and Labrador,Q3 2023,1055.0,51.0,101.0,50.0,,1714.0,2732.0,1018.0,Q3,2023,2023-09-30
Newfoundland and Labrador,Q4 2023,1279.0,23.0,43.0,20.0,,836.0,1619.0,783.0,Q4,2023,2023-12-31
Newfoundland and Labrador,Q1 2024,1387.0,30.0,48.0,18.0,,951.0,1844.0,893.0,Q1,2024,2024-03-31
Newfoundland and Labrador,Q2 2024,1612.0,34.0,67.0,33.0,,1200.0,2213.0,1013.0,Q2,2024,2024-06-30
Newfoundland and Labrador,Q3 2024,1621.0,53.0,105.0,52.0,,921.0,2224.0,1303.0,Q3,2024,2024-09-30
Newfoundland and Labrador,Q4 2024,1135.0,23.0,43.0,20.0,,140.0,1394.0,1254.0,Q4,2024,2024-12-31
Newfoundland and Labrador,Q1 2025,1563.0,30.0,48.0,18.0,,-221.0,1174.0,1395.0,Q1,2025,2025-03-31
Newfoundland and Labrador,Q2 2025,1154.0,35.0,70.0,35.0,,-266.0,1181.0,1447.0,Q2,2025,2025-06-30
Northwest Territories 16,Q1 2010,36.0,6.0,0.0,0.0,6.0,1.0,,,Q1,2010,2010-03-31
Northwest Territories 16,Q2 2010,41.0,6.0,0.0,0.0,6.0,-6.0,,,Q2,2010,2010-06-30
Northwest Territories 16,Q3 2010,32.0,21.0,15.0,0.0,6.0,22.0,,,Q3,2010,2010-09-30
Northwest Territories 16,Q4 2010,28.0,15.0,9.0,0.0,6.0,-19.0,,,Q4,2010,2010-12-31
Northwest Territories 16,Q1 2011,12.0,15.0,9.0,0.0,6.0,14.0,,,Q1,2011,2011-03-31
Northwest Territories 16,Q2 2011,18.0,15.0,9.0,0.0,6.0,-37.0,,,Q2,2011,2011-06-30
Northwest Territories 16,Q3 2011,19.0,16.0,7.0,0.0,9.0,8.0,,,Q3,2011,2011-09-30
Northwest Territories 16,Q4 2011,36.0,16.0,8.0,0.0,8.0,4.0,,,Q4,2011,2011-12-31
Northwest Territories 16,Q1 2012,41.0,14.0,7.0,0.0,7.0,7.0,,,Q1,2012,2012-03-31
Northwest Territories 16,Q2 2012,45.0,11.0,4.0,0.0,7.0,-3.0,,,Q2,2012,2012-06-30
Northwest Territories 16,Q3 2012,41.0,17.0,13.0,5.0,9.0,0.0,,,Q3,2012,2012-09-30
Northwest Territories 16,Q4 2012,38.0,10.0,5.0,3.0,8.0,1.0,,,Q4,2012,2012-12-31
Northwest Territories 16,Q1 2013,23.0,10.0,6.0,3.0,7.0,31.0,,,Q1,2013,2013-03-31
Northwest Territories 16,Q2 2013,50.0,9.0,6.0,4.0,7.0,33.0,,,Q2,2013,2013-06-30
Northwest Territories 16,Q3 2013,24.0,7.0,3.0,5.0,9.0,18.0,,,Q3,2013,2013-09-30
Northwest Territories 16,Q4 2013,53.0,10.0,3.0,1.0,8.0,-11.0,,,Q4,2013,2013-12-31
Northwest Territories 16,Q1 2014,38.0,9.0,3.0,1.0,7.0,-2.0,,,Q1,2014,2014-03-31
Northwest Territories 16,Q2 2014,48.0,8.0,3.0,3.0,8.0,-24.0,,,Q2,2014,2014-06-30
Northwest Territories 16,Q3 2014,42.0,12.0,2.0,0.0,10.0,-9.0,,,Q3,2014,2014-09-30
Northwest Territories 16,Q4 2014,39.0,8.0,0.0,0.0,8.0,-25.0,,,Q4,2014,2014-12-31
Northwest Territories 16,Q1 2015,29.0,8.0,1.0,0.0,7.0,-2.0,,,Q1,2015,2015-03-31
Northwest Territories 16,Q2 2015,69.0,8.0,0.0,0.0,8.0,32.0,,,Q2,2015,2015-06-30
Northwest Territories 16,Q3 2015,68.0,13.0,3.0,0.0,10.0,2.0,,,Q3,2015,2015-09-30
Northwest Territories 16,Q4 2015,45.0,11.0,3.0,0.0,8.0,-5.0,,,Q4,2015,2015-12-31
Northwest Territories 16,Q1 2016,50.0,9.0,2.0,0.0,7.0,-20.0,,,Q1,2016,2016-03-31
Northwest Territories 16,Q2 2016,57.0,11.0,4.0,0.0,7.0,22.0,,,Q2,2016,2016-06-30
Northwest Territories 16,Q3 2016,35.0,9.0,20.0,11.0,,40.0,,,Q3,2016,2016-09-30
Northwest Territories 16,Q4 2016,41.0,11.0,17.0,6.0,,13.0,,,Q4,2016,2016-12-31
Northwest Territories 16,Q1 2017,83.0,5.0,10.0,5.0,,-5.0,,,Q1,2017,2017-03-31
Northwest Territories 16,Q2 2017,66.0,4.0,10.0,6.0,,31.0,,,Q2,2017,2017-06-30
Northwest Territories 16,Q3 2017,39.0,7.0,21.0,14.0,,26.0,,,Q3,2017,2017-09-30
Northwest Territories 16,Q4 2017,50.0,2.0,8.0,6.0,,-24.0,,,Q4,2017,2017-12-31
Northwest Territories 16,Q1 2018,103.0,3.0,10.0,7.0,,-31.0,,,Q1,2018,2018-03-31
Northwest Territories 16,Q2 2018,63.0,0.0,8.0,8.0,,-58.0,,,Q2,2018,2018-06-30
Northwest Territories 16,Q3 2018,56.0,-5.0,2.0,7.0,,-16.0,,,Q3,2018,2018-09-30
Northwest Territories 16,Q4 2018,57.0,-3.0,0.0,3.0,,0.0,,,Q4,2018,2018-12-31
Northwest Territories 16,Q1 2019,55.0,-2.0,2.0,4.0,,11.0,,,Q1,2019,2019-03-31
Northwest Territories 16,Q2 2019,59.0,-4.0,0.0,4.0,,-4.0,,,Q2,2019,2019-06-30
Northwest Territories 16,Q3 2019,47.0,2.0,14.0,12.0,,16.0,,,Q3,2019,2019-09-30
Northwest Territories 16,Q4 2019,36.0,2.0,8.0,6.0,,18.0,,,Q4,2019,2019-12-31
Northwest Territories 16,Q1 2020,48.0,2.0,8.0,6.0,,9.0,,,Q1,2020,2020-03-31
Northwest Territories 16,Q2 2020,30.0,0.0,2.0,2.0,,-51.0,,,Q2,2020,2020-06-30
Northwest Territories 16,Q3 2020,21.0,-9.0,6.0,15.0,,-30.0,,,Q3,2020,2020-09-30
Northwest Territories 16,Q4 2020,25.0,-3.0,4.0,7.0,,13.0,,,Q4,2020,2020-12-31
Northwest Territories 16,Q1 2021,33.0,-2.0,2.0,4.0,,23.0,,,Q1,2021,2021-03-31
Northwest Territories 16,Q2 2021,65.0,-2.0,4.0,6.0,,2.0,,,Q2,2021,2021-06-30
Northwest Territories 16,Q3 2021,91.0,10.0,13.0,3.0,,-66.0,26.0,92.0,Q3,2021,2021-09-30
Northwest Territories 16,Q4 2021,108.0,6.0,8.0,2.0,,-26.0,33.0,59.0,Q4,2021,2021-12-31
Northwest Territories 16,Q1 2022,78.0,7.0,8.0,1.0,,-7.0,40.0,47.0,Q1,2022,2022-03-31
Northwest Territories 16,Q2 2022,69.0,7.0,10.0,3.0,,25.0,56.0,31.0,Q2,2022,2022-06-30
Northwest Territories 16,Q3 2022,62.0,19.0,23.0,4.0,,21.0,55.0,34.0,Q3,2022,2022-09-30
Northwest Territories 16,Q4 2022,24.0,17.0,19.0,2.0,,70.0,75.0,5.0,Q4,2022,2022-12-31
Northwest Territories 16,Q1 2023,124.0,14.0,15.0,1.0,,-7.0,57.0,64.0,Q1,2023,2023-03-31
Northwest Territories 16,Q2 2023,72.0,11.0,14.0,3.0,,85.0,99.0,14.0,Q2,2023,2023-06-30
Northwest Territories 16,Q3 2023,69.0,21.0,25.0,4.0,,85.0,108.0,23.0,Q3,2023,2023-09-30
Northwest Territories 16,Q4 2023,64.0,22.0,25.0,3.0,,109.0,128.0,19.0,Q4,2023,2023-12-31
Northwest Territories 16,Q1 2024,116.0,15.0,19.0,4.0,,101.0,138.0,37.0,Q1,2024,2024-03-31
Northwest Territories 16,Q2 2024,117.0,11.0,14.0,3.0,,49.0,102.0,53.0,Q2,2024,2024-06-30
Northwest Territories 16,Q3 2024,106.0,22.0,26.0,4.0,,73.0,106.0,33.0,Q3,2024,2024-09-30
Northwest Territories 16,Q4 2024,82.0,23.0,27.0,4.0,,84.0,100.0,16.0,Q4,2024,2024-12-31
Northwest Territories 16,Q1 2025,122.0,16.0,19.0,3.0,,17.0,87.0,70.0,Q1,2025,2025-03-31
Northwest Territories 16,Q2 2025,146.0,11.0,14.0,3.0,,-50.0,74.0,124.0,Q2,2025,2025-06-30
Northwest Territories including Nunavut 15,Q1 2010,,,,,,,,,Q1,2010,2010-03-31
Northwest Territories including Nunavut 15,Q2 2010,,,,,,,,,Q2,2010,2010-06-30
Northwest Territories including Nunavut 15,Q3 2010,,,,,,,,,Q3,2010,2010-09-30
Northwest Territories including Nunavut 15,Q4 2010,,,,,,,,,Q4,2010,2010-12-31
Northwest Territories including Nunavut 15,Q1 2011,,,,,,,,,Q1,2011,2011-03-31
Northwest Territories including Nunavut 15,Q2 2011,,,,,,,,,Q2,2011,2011-06-30
Northwest Territories including Nunavut 15,Q3 2011,,,,,,,,,Q3,2011,2011-09-30
Northwest Territories including Nunavut 15,Q4 2011,,,,,,,,,Q4,2011,2011-12-31
Northwest Territories including Nunavut 15,Q1 2012,,,,,,,,,Q1,2012,2012-03-31
Northwest Territories including Nunavut 15,Q2 2012,,,,,,,,,Q2,2012,2012-06-30
Northwest Territories including Nunavut 15,Q3 2012,,,,,,,,,Q3,2012,2012-09-30
Northwest Territories including Nunavut 15,Q4 2012,,,,,,,,,Q4,2012,2012-12-31
Northwest Territories including Nunavut 15,Q1 2013,,,,,,,,,Q1,2013,2013-03-31
Northwest Territories including Nunavut 15,Q2 2013,,,,,,,,,Q2,2013,2013-06-30
Northwest Territories including Nunavut 15,Q3 2013,,,,,,,,,Q3,2013,2013-09-30
Northwest Territories including Nunavut 15,Q4 2013,,,,,,,,,Q4,2013,2013-12-31
Northwest Territories including Nunavut 15,Q1 2014,,,,,,,,,Q1,2014,2014-03-31
Northwest Territories including Nunavut 15,Q2 2014,,,,,,,,,Q2,2014,2014-06-30
Northwest Territories including Nunavut 15,Q3 2014,,,,,,,,,Q3,2014,2014-09-30
Northwest Territories including Nunavut 15,Q4 2014,,,,,,,,,Q4,2014,2014-12-31
Northwest Territories including Nunavut 15,Q1 2015,,,,,,,,,Q1,2015,2015-03-31
Northwest Territories including Nunavut 15,Q2 2015,,,,,,,,,Q2,2015,2015-06-30
Northwest Territories including Nunavut 15,Q3 2015,,,,,,,,,Q3,2015,2015-09-30
Northwest Territories including Nunavut 15,Q4 2015,,,,,,,,,Q4,2015,2015-12-31
Northwest Territories including Nunavut 15,Q1 2016,,,,,,,,,Q1,2016,2016-03-31
Northwest Territories including Nunavut 15,Q2 2016,,,,,,,,,Q2,2016,2016-06-30
Northwest Territories including Nunavut 15,Q3 2016,,,,,,,,,Q3,2016,2016-09-30
Northwest Territories including Nunavut 15,Q4 2016,,,,,,,,,Q4,2016,2016-12-31
Northwest Territories including Nunavut 15,Q1 2017,,,,,,,,,Q1,2017,2017-03-31
Northwest Territories including Nunavut 15,Q2 2017,,,,,,,,,Q2,2017,2017-06-30
Northwest Territories including Nunavut 15,Q3 2017,,,,,,,,,Q3,2017,2017-09-30
Northwest Territories including Nunavut 15,Q4 2017,,,,,,,,,Q4,2017,2017-12-31
Northwest Territories including Nunavut 15,Q1 2018,,,,,,,,,Q1,2018,2018-03-31
Northwest Territories including Nunavut 15,Q2 2018,,,,,,,,,Q2,2018,2018-06-30
Northwest Territories including Nunavut 15,Q3 2018,,,,,,,,,Q3,2018,2018-09-30
Northwest Territories including Nunavut 15,Q4 2018,,,,,,,,,Q4,2018,2018-12-31
Northwest Territories including Nunavut 15,Q1 2019,,,,,,,,,Q1,2019,2019-03-31
Northwest Territories including Nunavut 15,Q2 2019,,,,,,,,,Q2,2019,2019-06-30
Northwest Territories including Nunavut 15,Q3 2019,,,,,,,,,Q3,2019,2019-09-30
Northwest Territories including Nunavut 15,Q4 2019,,,,,,,,,Q4,2019,2019-12-31
Northwest Territories including Nunavut 15,Q1 2020,,,,,,,,,Q1,2020,2020-03-31
Northwest Territories including Nunavut 15,Q2 2020,,,,,,,,,Q2,2020,2020-06-30
Northwest Territories including Nunavut 15,Q3 2020,,,,,,,,,Q3,2020,2020-09-30
Northwest Territories including Nunavut 15,Q4 2020,,,,,,,,,Q4,2020,2020-12-31
Northwest Territories including Nunavut 15,Q1 2021,,,,,,,,,Q1,2021,2021-03-31
Northwest Territories including Nunavut 15,Q2 2021,,,,,,,,,Q2,2021,2021-06-30
Northwest Territories including Nunavut 15,Q3 2021,,,,,,,,,Q3,2021,2021-09-30
Northwest Territories including Nunavut 15,Q4 2021,,,,,,,,,Q4,2021,2021-12-31
Northwest Territories including Nunavut 15,Q1 2022,,,,,,,,,Q1,2022,2022-03-31
Northwest Territories including Nunavut 15,Q2 2022,,,,,,,,,Q2,2022,2022-06-30
Northwest Territories including Nunavut 15,Q3 2022,,,,,,,,,Q3,2022,2022-09-30
Northwest Territories including Nunavut 15,Q4 2022,,,,,,,,,Q4,2022,2022-12-31
Northwest Territories including Nunavut 15,Q1 2023,,,,,,,,,Q1,2023,2023-03-31
Northwest Territories including Nunavut 15,Q2 2023,,,,,,,,,Q2,2023,2023-06-30
Northwest Territories including Nunavut 15,Q3 2023,,,,,,,,,Q3,2023,2023-09-30
Northwest Territories including Nunavut 15,Q4 2023,,,,,,,,,Q4,2023,2023-12-31
Northwest Territories including Nunavut 15,Q1 2024,,,,,,,,,Q1,2024,2024-03-31
Northwest Territories including Nunavut 15,Q2 2024,,,,,,,,,Q2,2024,2024-06-30
Northwest Territories including Nunavut 15,Q3 2024,,,,,,,,,Q3,2024,2024-09-30
Northwest Territories including Nunavut 15,Q4 2024,,,,,,,,,Q4,2024,2024-12-31
Northwest Territories including Nunavut 15,Q1 2025,,,,,,,,,Q1,2025,2025-03-31
Northwest Territories including Nunavut 15,Q2 2025,,,,,,,,,Q2,2025,2025-06-30
Nova Scotia,Q1 2010,458.0,118.0,168.0,103.0,53.0,320.0,,,Q1,2010,2010-03-31
Nova Scotia,Q2 2010,695.0,20.0,151.0,188.0,57.0,313.0,,,Q2,2010,2010-06-30
Nova Scotia,Q3 2010,766.0,223.0,387.0,230.0,66.0,1329.0,,,Q3,2010,2010-09-30
Nova Scotia,Q4 2010,478.0,190.0,240.0,104.0,54.0,-244.0,,,Q4,2010,2010-12-31
Nova Scotia,Q1 2011,470.0,170.0,216.0,100.0,54.0,194.0,,,Q1,2011,2011-03-31
Nova Scotia,Q2 2011,572.0,144.0,275.0,187.0,56.0,30.0,,,Q2,2011,2011-06-30
Nova Scotia,Q3 2011,597.0,371.0,535.0,237.0,73.0,735.0,,,Q3,2011,2011-09-30
Nova Scotia,Q4 2011,497.0,183.0,225.0,102.0,60.0,214.0,,,Q4,2011,2011-12-31
Nova Scotia,Q1 2012,551.0,187.0,228.0,100.0,59.0,320.0,,,Q1,2012,2012-03-31
Nova Scotia,Q2 2012,707.0,149.0,277.0,187.0,59.0,108.0,,,Q2,2012,2012-06-30
Nova Scotia,Q3 2012,529.0,209.0,375.0,239.0,73.0,555.0,,,Q3,2012,2012-09-30
Nova Scotia,Q4 2012,549.0,210.0,242.0,90.0,58.0,-60.0,,,Q4,2012,2012-12-31
Nova Scotia,Q1 2013,411.0,174.0,205.0,90.0,59.0,75.0,,,Q1,2013,2013-03-31
Nova Scotia,Q2 2013,752.0,122.0,232.0,170.0,60.0,-266.0,,,Q2,2013,2013-06-30
Nova Scotia,Q3 2013,693.0,174.0,380.0,276.0,70.0,556.0,,,Q3,2013,2013-09-30
Nova Scotia,Q4 2013,671.0,163.0,199.0,96.0,60.0,-301.0,,,Q4,2013,2013-12-31
Nova Scotia,Q1 2014,632.0,160.0,193.0,94.0,61.0,84.0,,,Q1,2014,2014-03-31
Nova Scotia,Q2 2014,783.0,146.0,257.0,171.0,60.0,-224.0,,,Q2,2014,2014-06-30
Nova Scotia,Q3 2014,691.0,255.0,393.0,210.0,72.0,544.0,,,Q3,2014,2014-09-30
Nova Scotia,Q4 2014,564.0,158.0,182.0,81.0,57.0,-227.0,,,Q4,2014,2014-12-31
Nova Scotia,Q1 2015,601.0,157.0,171.0,73.0,59.0,-15.0,,,Q1,2015,2015-03-31
Nova Scotia,Q2 2015,831.0,151.0,243.0,152.0,60.0,1998.0,,,Q2,2015,2015-06-30
Nova Scotia,Q3 2015,1067.0,232.0,432.0,274.0,74.0,1041.0,,,Q3,2015,2015-09-30
Nova Scotia,Q4 2015,921.0,166.0,201.0,95.0,60.0,-428.0,,,Q4,2015,2015-12-31
Nova Scotia,Q1 2016,1872.0,170.0,208.0,97.0,59.0,433.0,,,Q1,2016,2016-03-31
Nova Scotia,Q2 2016,1622.0,108.0,233.0,181.0,56.0,540.0,,,Q2,2016,2016-06-30
Nova Scotia,Q3 2016,1127.0,279.0,749.0,470.0,,1711.0,,,Q3,2016,2016-09-30
Nova Scotia,Q4 2016,890.0,153.0,327.0,174.0,,-786.0,,,Q4,2016,2016-12-31
Nova Scotia,Q1 2017,1138.0,95.0,258.0,163.0,,41.0,,,Q1,2017,2017-03-31
Nova Scotia,Q2 2017,1211.0,51.0,334.0,283.0,,724.0,,,Q2,2017,2017-06-30
Nova Scotia,Q3 2017,1155.0,339.0,739.0,400.0,,1664.0,,,Q3,2017,2017-09-30
Nova Scotia,Q4 2017,1012.0,195.0,358.0,163.0,,-729.0,,,Q4,2017,2017-12-31
Nova Scotia,Q1 2018,1348.0,280.0,460.0,180.0,,-2.0,,,Q1,2018,2018-03-31
Nova Scotia,Q2 2018,1632.0,216.0,481.0,265.0,,1382.0,,,Q2,2018,2018-06-30
Nova Scotia,Q3 2018,1703.0,104.0,411.0,307.0,,2465.0,,,Q3,2018,2018-09-30
Nova Scotia,Q4 2018,1300.0,131.0,265.0,134.0,,-657.0,,,Q4,2018,2018-12-31
Nova Scotia,Q1 2019,1270.0,159.0,287.0,128.0,,586.0,,,Q1,2019,2019-03-31
Nova Scotia,Q2 2019,2125.0,57.0,243.0,186.0,,1574.0,,,Q2,2019,2019-06-30
Nova Scotia,Q3 2019,2483.0,10.0,424.0,414.0,,2007.0,,,Q3,2019,2019-09-30
Nova Scotia,Q4 2019,1717.0,109.0,290.0,181.0,,-834.0,,,Q4,2019,2019-12-31
Nova Scotia,Q1 2020,1188.0,43.0,218.0,175.0,,212.0,,,Q1,2020,2020-03-31
Nova Scotia,Q2 2020,861.0,8.0,98.0,90.0,,207.0,,,Q2,2020,2020-06-30
Nova Scotia,Q3 2020,741.0,-43.0,248.0,291.0,,-2396.0,,,Q3,2020,2020-09-30
Nova Scotia,Q4 2020,731.0,20.0,152.0,132.0,,-394.0,,,Q4,2020,2020-12-31
Nova Scotia,Q1 2021,995.0,84.0,179.0,95.0,,816.0,,,Q1,2021,2021-03-31
Nova Scotia,Q2 2021,1085.0,80.0,204.0,124.0,,967.0,,,Q2,2021,2021-06-30
Nova Scotia,Q3 2021,3090.0,49.0,378.0,329.0,,1535.0,5340.0,3805.0,Q3,2021,2021-09-30
Nova Scotia,Q4 2021,3998.0,87.0,257.0,170.0,,-2164.0,2371.0,4535.0,Q4,2021,2021-12-31
Nova Scotia,Q1 2022,3244.0,157.0,289.0,132.0,,-215.0,2160.0,2375.0,Q1,2022,2022-03-31
Nova Scotia,Q2 2022,3506.0,116.0,347.0,231.0,,2741.0,4710.0,1969.0,Q2,2022,2022-06-30
Nova Scotia,Q3 2022,3937.0,362.0,567.0,205.0,,4509.0,7558.0,3049.0,Q3,2022,2022-09-30
Nova Scotia,Q4 2022,1963.0,216.0,326.0,110.0,,2360.0,5124.0,2764.0,Q4,2022,2022-12-31
Nova Scotia,Q1 2023,3936.0,242.0,346.0,104.0,,1844.0,4321.0,2477.0,Q1,2023,2023-03-31
Nova Scotia,Q2 2023,2469.0,290.0,451.0,161.0,,5325.0,6649.0,1324.0,Q2,2023,2023-06-30
Nova Scotia,Q3 2023,2615.0,435.0,684.0,249.0,,6406.0,9504.0,3098.0,Q3,2023,2023-09-30
Nova Scotia,Q4 2023,2787.0,224.0,338.0,114.0,,1473.0,5091.0,3618.0,Q4,2023,2023-12-31
Nova Scotia,Q1 2024,4022.0,248.0,353.0,105.0,,1688.0,4774.0,3086.0,Q1,2024,2024-03-31
Nova Scotia,Q2 2024,4341.0,305.0,474.0,169.0,,1932.0,4978.0,3046.0,Q2,2024,2024-06-30
Nova Scotia,Q3 2024,3619.0,448.0,705.0,257.0,,2307.0,6227.0,3920.0,Q3,2024,2024-09-30
Nova Scotia,Q4 2024,2305.0,229.0,347.0,118.0,,-703.0,2944.0,3647.0,Q4,2024,2024-12-31
Nova Scotia,Q1 2025,2852.0,255.0,364.0,109.0,,-522.0,2749.0,3271.0,Q1,2025,2025-03-31
Nova Scotia,Q2 2025,2208.0,316.0,489.0,173.0,,-241.0,3738.0,3979.0,Q2,2025,2025-06-30
Nunavut 16,Q1 2010,5.0,5.0,1.0,0.0,4.0,1.0,,,Q1,2010,2010-03-31
Nunavut 16,Q2 2010,7.0,6.0,3.0,1.0,4.0,4.0,,,Q2,2010,2010-06-30
Nunavut 16,Q3 2010,6.0,9.0,3.0,0.0,6.0,13.0,,,Q3,2010,2010-09-30
Nunavut 16,Q4 2010,1.0,6.0,2.0,0.0,4.0,-1.0,,,Q4,2010,2010-12-31
Nunavut 16,Q1 2011,5.0,8.0,4.0,0.0,4.0,-1.0,,,Q1,2011,2011-03-31
Nunavut 16,Q2 2011,5.0,7.0,3.0,0.0,4.0,2.0,,,Q2,2011,2011-06-30
Nunavut 16,Q3 2011,6.0,10.0,2.0,0.0,8.0,1.0,,,Q3,2011,2011-09-30
Nunavut 16,Q4 2011,8.0,6.0,0.0,0.0,6.0,1.0,,,Q4,2011,2011-12-31
Nunavut 16,Q1 2012,10.0,8.0,1.0,0.0,7.0,-7.0,,,Q1,2012,2012-03-31
Nunavut 16,Q2 2012,2.0,6.0,0.0,0.0,6.0,5.0,,,Q2,2012,2012-06-30
Nunavut 16,Q3 2012,6.0,8.0,0.0,0.0,8.0,0.0,,,Q3,2012,2012-09-30
Nunavut 16,Q4 2012,2.0,6.0,0.0,0.0,6.0,3.0,,,Q4,2012,2012-12-31
Nunavut 16,Q1 2013,2.0,7.0,0.0,0.0,7.0,8.0,,,Q1,2013,2013-03-31
Nunavut 16,Q2 2013,2.0,6.0,0.0,0.0,6.0,4.0,,,Q2,2013,2013-06-30
Nunavut 16,Q3 2013,2.0,11.0,3.0,0.0,8.0,35.0,,,Q3,2013,2013-09-30
Nunavut 16,Q4 2013,5.0,7.0,1.0,0.0,6.0,-43.0,,,Q4,2013,2013-12-31
Nunavut 16,Q1 2014,9.0,8.0,1.0,0.0,7.0,1.0,,,Q1,2014,2014-03-31
Nunavut 16,Q2 2014,8.0,7.0,1.0,0.0,6.0,0.0,,,Q2,2014,2014-06-30
Nunavut 16,Q3 2014,4.0,8.0,2.0,2.0,8.0,34.0,,,Q3,2014,2014-09-30
Nunavut 16,Q4 2014,2.0,6.0,0.0,0.0,6.0,-38.0,,,Q4,2014,2014-12-31
Nunavut 16,Q1 2015,12.0,8.0,1.0,0.0,7.0,-7.0,,,Q1,2015,2015-03-31
Nunavut 16,Q2 2015,10.0,7.0,1.0,1.0,7.0,-2.0,,,Q2,2015,2015-06-30
Nunavut 16,Q3 2015,7.0,9.0,1.0,0.0,8.0,56.0,,,Q3,2015,2015-09-30
Nunavut 16,Q4 2015,8.0,6.0,0.0,0.0,6.0,-7.0,,,Q4,2015,2015-12-31
Nunavut 16,Q1 2016,13.0,8.0,1.0,0.0,7.0,-54.0,,,Q1,2016,2016-03-31
Nunavut 16,Q2 2016,11.0,6.0,0.0,0.0,6.0,27.0,,,Q2,2016,2016-06-30
Nunavut 16,Q3 2016,10.0,-13.0,4.0,17.0,,-13.0,,,Q3,2016,2016-09-30
Nunavut 16,Q4 2016,2.0,-4.0,2.0,6.0,,-21.0,,,Q4,2016,2016-12-31
Nunavut 16,Q1 2017,10.0,-4.0,2.0,6.0,,4.0,,,Q1,2017,2017-03-31
Nunavut 16,Q2 2017,14.0,-8.0,0.0,8.0,,9.0,,,Q2,2017,2017-06-30
Nunavut 16,Q3 2017,1.0,0.0,0.0,0.0,,35.0,,,Q3,2017,2017-09-30
Nunavut 16,Q4 2017,15.0,0.0,0.0,0.0,,-18.0,,,Q4,2017,2017-12-31
Nunavut 16,Q1 2018,9.0,0.0,0.0,0.0,,-20.0,,,Q1,2018,2018-03-31
Nunavut 16,Q2 2018,6.0,0.0,0.0,0.0,,-1.0,,,Q2,2018,2018-06-30
Nunavut 16,Q3 2018,4.0,0.0,0.0,0.0,,26.0,,,Q3,2018,2018-09-30
Nunavut 16,Q4 2018,9.0,0.0,0.0,0.0,,-9.0,,,Q4,2018,2018-12-31
Nunavut 16,Q1 2019,6.0,0.0,0.0,0.0,,2.0,,,Q1,2019,2019-03-31
Nunavut 16,Q2 2019,6.0,0.0,0.0,0.0,,3.0,,,Q2,2019,2019-06-30
Nunavut 16,Q3 2019,9.0,0.0,0.0,0.0,,22.0,,,Q3,2019,2019-09-30
Nunavut 16,Q4 2019,19.0,0.0,0.0,0.0,,8.0,,,Q4,2019,2019-12-31
Nunavut 16,Q1 2020,11.0,0.0,2.0,2.0,,-3.0,,,Q1,2020,2020-03-31
Nunavut 16,Q2 2020,0.0,0.0,0.0,0.0,,-15.0,,,Q2,2020,2020-06-30
Nunavut 16,Q3 2020,0.0,0.0,2.0,2.0,,2.0,,,Q3,2020,2020-09-30
Nunavut 16,Q4 2020,9.0,0.0,0.0,0.0,,-3.0,,,Q4,2020,2020-12-31
Nunavut 16,Q1 2021,4.0,0.0,2.0,2.0,,2.0,,,Q1,2021,2021-03-31
Nunavut 16,Q2 2021,8.0,0.0,0.0,0.0,,6.0,,,Q2,2021,2021-06-30
Nunavut 16,Q3 2021,16.0,6.0,9.0,3.0,,-6.0,19.0,25.0,Q3,2021,2021-09-30
Nunavut 16,Q4 2021,11.0,3.0,3.0,0.0,,-3.0,8.0,11.0,Q4,2021,2021-12-31
Nunavut 16,Q1 2022,11.0,6.0,7.0,1.0,,-11.0,4.0,15.0,Q1,2022,2022-03-31
Nunavut 16,Q2 2022,15.0,3.0,4.0,1.0,,-11.0,5.0,16.0,Q2,2022,2022-06-30
Nunavut 16,Q3 2022,7.0,4.0,7.0,3.0,,22.0,29.0,7.0,Q3,2022,2022-09-30
Nunavut 16,Q4 2022,10.0,1.0,3.0,2.0,,-8.0,6.0,14.0,Q4,2022,2022-12-31
Nunavut 16,Q1 2023,11.0,4.0,5.0,1.0,,16.0,23.0,7.0,Q1,2023,2023-03-31
Nunavut 16,Q2 2023,17.0,3.0,4.0,1.0,,8.0,17.0,9.0,Q2,2023,2023-06-30
Nunavut 16,Q3 2023,16.0,0.0,0.0,0.0,,67.0,79.0,12.0,Q3,2023,2023-09-30
Nunavut 16,Q4 2023,13.0,0.0,0.0,0.0,,-22.0,39.0,61.0,Q4,2023,2023-12-31
Nunavut 16,Q1 2024,9.0,0.0,0.0,0.0,,38.0,45.0,7.0,Q1,2024,2024-03-31
Nunavut 16,Q2 2024,19.0,0.0,0.0,0.0,,16.0,26.0,10.0,Q2,2024,2024-06-30
Nunavut 16,Q3 2024,17.0,0.0,0.0,0.0,,65.0,69.0,4.0,Q3,2024,2024-09-30
Nunavut 16,Q4 2024,22.0,0.0,0.0,0.0,,-17.0,23.0,40.0,Q4,2024,2024-12-31
Nunavut 16,Q1 2025,21.0,0.0,0.0,0.0,,26.0,31.0,5.0,Q1,2025,2025-03-31
Nunavut 16,Q2 2025,13.0,0.0,0.0,0.0,,13.0,29.0,16.0,Q2,2025,2025-06-30
Ontario,Q1 2010,24453.0,4627.0,5713.0,2695.0,1609.0,6160.0,,,Q1,2010,2010-03-31
Ontario,Q2 2010,35313.0,3155.0,6338.0,4883.0,1700.0,8619.0,,,Q2,2010,2010-06-30
Ontario,Q3 2010,34884.0,4722.0,9270.0,6541.0,1993.0,13203.0,,,Q3,2010,2010-09-30
Ontario,Q4 2010,23474.0,4987.0,6299.0,2960.0,1648.0,-12917.0,,,Q4,2010,2010-12-31
Ontario,Q1 2011,19945.0,5285.0,6503.0,2867.0,1649.0,6154.0,,,Q1,2011,2011-03-31
Ontario,Q2 2011,26716.0,2968.0,6610.0,5315.0,1673.0,9290.0,,,Q2,2011,2011-06-30
Ontario,Q3 2011,28739.0,7278.0,10019.0,6624.0,3883.0,14511.0,,,Q3,2011,2011-09-30
Ontario,Q4 2011,24057.0,7233.0,6914.0,2836.0,3155.0,-8801.0,,,Q4,2011,2011-12-31
Ontario,Q1 2012,20718.0,6868.0,6616.0,2816.0,3068.0,6630.0,,,Q1,2012,2012-03-31
Ontario,Q2 2012,27745.0,4008.0,6166.0,5220.0,3062.0,12737.0,,,Q2,2012,2012-06-30
Ontario,Q3 2012,25936.0,5834.0,9249.0,7214.0,3799.0,15070.0,,,Q3,2012,2012-09-30
Ontario,Q4 2012,24722.0,6373.0,6029.0,2720.0,3064.0,-14668.0,,,Q4,2012,2012-12-31
Ontario,Q1 2013,24810.0,7017.0,6557.0,2700.0,3160.0,4473.0,,,Q1,2013,2013-03-31
Ontario,Q2 2013,30410.0,4439.0,6425.0,5132.0,3146.0,11574.0,,,Q2,2013,2013-06-30
Ontario,Q3 2013,25613.0,5362.0,9231.0,7571.0,3702.0,17453.0,,,Q3,2013,2013-09-30
Ontario,Q4 2013,22734.0,6899.0,6399.0,2630.0,3130.0,-17698.0,,,Q4,2013,2013-12-31
Ontario,Q1 2014,25497.0,7527.0,6914.0,2549.0,3162.0,1013.0,,,Q1,2014,2014-03-31
Ontario,Q2 2014,28085.0,5129.0,6659.0,4703.0,3173.0,9924.0,,,Q2,2014,2014-06-30
Ontario,Q3 2014,22954.0,6197.0,9977.0,7603.0,3823.0,16577.0,,,Q3,2014,2014-09-30
Ontario,Q4 2014,19242.0,6030.0,5913.0,2929.0,3046.0,-20697.0,,,Q4,2014,2014-12-31
Ontario,Q1 2015,19780.0,7341.0,6835.0,2639.0,3145.0,-569.0,,,Q1,2015,2015-03-31
Ontario,Q2 2015,27698.0,4233.0,6596.0,5517.0,3154.0,9882.0,,,Q2,2015,2015-06-30
Ontario,Q3 2015,29679.0,6731.0,10872.0,8066.0,3925.0,14504.0,,,Q3,2015,2015-09-30
Ontario,Q4 2015,26473.0,7159.0,6832.0,2811.0,3138.0,-12144.0,,,Q4,2015,2015-12-31
Ontario,Q1 2016,31730.0,7272.0,7018.0,2858.0,3112.0,11582.0,,,Q1,2016,2016-03-31
Ontario,Q2 2016,32250.0,3666.0,5981.0,5309.0,2994.0,15968.0,,,Q2,2016,2016-06-30
Ontario,Q3 2016,24800.0,6698.0,19021.0,12323.0,,29196.0,,,Q3,2016,2016-09-30
Ontario,Q4 2016,21139.0,6184.0,11413.0,5229.0,,-37.0,,,Q4,2016,2016-12-31
Ontario,Q1 2017,25301.0,6751.0,12215.0,5464.0,,9956.0,,,Q1,2017,2017-03-31
Ontario,Q2 2017,27280.0,2200.0,9960.0,7760.0,,24597.0,,,Q2,2017,2017-06-30
Ontario,Q3 2017,28067.0,2435.0,13726.0,11291.0,,36892.0,,,Q3,2017,2017-09-30
Ontario,Q4 2017,31393.0,3786.0,8576.0,4790.0,,-1213.0,,,Q4,2017,2017-12-31
Ontario,Q1 2018,35253.0,6079.0,11244.0,5165.0,,13999.0,,,Q1,2018,2018-03-31
Ontario,Q2 2018,37798.0,1857.0,9513.0,7656.0,,26872.0,,,Q2,2018,2018-06-30
Ontario,Q3 2018,33247.0,2256.0,13590.0,11334.0,,35460.0,,,Q3,2018,2018-09-30
Ontario,Q4 2018,31171.0,4208.0,9117.0,4909.0,,-1544.0,,,Q4,2018,2018-12-31
Ontario,Q1 2019,31160.0,5329.0,9976.0,4647.0,,10330.0,,,Q1,2019,2019-03-31
Ontario,Q2 2019,43530.0,1709.0,8703.0,6994.0,,27010.0,,,Q2,2019,2019-06-30
Ontario,Q3 2019,45930.0,4205.0,14086.0,9881.0,,32165.0,,,Q3,2019,2019-09-30
Ontario,Q4 2019,32764.0,4153.0,8428.0,4275.0,,13438.0,,,Q4,2019,2019-12-31
Ontario,Q1 2020,32342.0,5041.0,9873.0,4832.0,,1621.0,,,Q1,2020,2020-03-31
Ontario,Q2 2020,16069.0,1188.0,3382.0,2194.0,,-11704.0,,,Q2,2020,2020-06-30
Ontario,Q3 2020,17257.0,-327.0,7731.0,8058.0,,-33458.0,,,Q3,2020,2020-09-30
Ontario,Q4 2020,17288.0,2168.0,6152.0,3984.0,,-3501.0,,,Q4,2020,2020-12-31
Ontario,Q1 2021,35005.0,4781.0,8001.0,3220.0,,7704.0,,,Q1,2021,2021-03-31
Ontario,Q2 2021,38358.0,3918.0,7713.0,3795.0,,3180.0,,,Q2,2021,2021-06-30
Ontario,Q3 2021,58988.0,3692.0,12139.0,8447.0,,42550.0,108213.0,65663.0,Q3,2021,2021-09-30
Ontario,Q4 2021,66953.0,5050.0,9838.0,4788.0,,-11168.0,63542.0,74710.0,Q4,2021,2021-12-31
Ontario,Q1 2022,50679.0,8114.0,12308.0,4194.0,,21599.0,59400.0,37801.0,Q1,2022,2022-03-31
Ontario,Q2 2022,50804.0,5393.0,11763.0,6370.0,,67950.0,95584.0,27634.0,Q2,2022,2022-06-30
Ontario,Q3 2022,50132.0,7947.0,16388.0,8441.0,,106930.0,146543.0,39613.0,Q3,2022,2022-09-30
Ontario,Q4 2022,33390.0,6653.0,11223.0,4570.0,,80304.0,117846.0,37542.0,Q4,2022,2022-12-31
Ontario,Q1 2023,60860.0,9441.0,13908.0,4467.0,,44572.0,87651.0,43079.0,Q1,2023,2023-03-31
Ontario,Q2 2023,54950.0,5573.0,11876.0,6303.0,,92882.0,127658.0,34776.0,Q2,2023,2023-06-30
Ontario,Q3 2023,47161.0,9150.0,18419.0,9269.0,,155211.0,203679.0,48468.0,Q3,2023,2023-09-30
Ontario,Q4 2023,43892.0,6544.0,11064.0,4520.0,,87753.0,139922.0,52169.0,Q4,2023,2023-12-31
Ontario,Q1 2024,52790.0,9502.0,13974.0,4472.0,,66838.0,114128.0,47290.0,Q1,2024,2024-03-31
Ontario,Q2 2024,53846.0,4899.0,10876.0,5977.0,,57908.0,105765.0,47857.0,Q2,2024,2024-06-30
Ontario,Q3 2024,51324.0,9427.0,18976.0,9549.0,,37045.0,107180.0,70135.0,Q3,2024,2024-09-30
Ontario,Q4 2024,47927.0,6742.0,11399.0,4657.0,,-14011.0,58992.0,73003.0,Q4,2024,2024-12-31
Ontario,Q1 2025,47275.0,9792.0,14398.0,4606.0,,-34301.0,43209.0,77510.0,Q1,2025,2025-03-31
Ontario,Q2 2025,44050.0,5045.0,11206.0,6161.0,,-37397.0,49695.0,87092.0,Q2,2025,2025-06-30
Prince Edward Island,Q1 2010,388.0,9.0,7.0,5.0,7.0,-33.0,,,Q1,2010,2010-03-31
Prince Edward Island,Q2 2010,572.0,4.0,4.0,9.0,9.0,119.0,,,Q2,2010,2010-06-30
Prince Edward Island,Q3 2010,1166.0,33.0,42.0,19.0,10.0,156.0,,,Q3,2010,2010-09-30
Prince Edward Island,Q4 2010,467.0,36.0,36.0,8.0,8.0,-64.0,,,Q4,2010,2010-12-31
Prince Edward Island,Q1 2011,434.0,28.0,29.0,8.0,7.0,-24.0,,,Q1,2011,2011-03-31
Prince Edward Island,Q2 2011,543.0,25.0,31.0,15.0,9.0,121.0,,,Q2,2011,2011-06-30
Prince Edward Island,Q3 2011,529.0,16.0,25.0,20.0,11.0,54.0,,,Q3,2011,2011-09-30
Prince Edward Island,Q4 2011,233.0,9.0,9.0,9.0,9.0,33.0,,,Q4,2011,2011-12-31
Prince Edward Island,Q1 2012,284.0,12.0,10.0,8.0,10.0,-36.0,,,Q1,2012,2012-03-31
Prince Edward Island,Q2 2012,330.0,5.0,12.0,16.0,9.0,155.0,,,Q2,2012,2012-06-30
Prince Edward Island,Q3 2012,307.0,30.0,65.0,46.0,11.0,112.0,,,Q3,2012,2012-09-30
Prince Edward Island,Q4 2012,181.0,23.0,31.0,17.0,9.0,-14.0,,,Q4,2012,2012-12-31
Prince Edward Island,Q1 2013,121.0,24.0,31.0,17.0,10.0,-98.0,,,Q1,2013,2013-03-31
Prince Edward Island,Q2 2013,254.0,9.0,31.0,32.0,10.0,136.0,,,Q2,2013,2013-06-30
Prince Edward Island,Q3 2013,255.0,1.0,29.0,39.0,11.0,106.0,,,Q3,2013,2013-09-30
Prince Edward Island,Q4 2013,370.0,13.0,16.0,13.0,10.0,-122.0,,,Q4,2013,2013-12-31
Prince Edward Island,Q1 2014,364.0,17.0,20.0,13.0,10.0,1.0,,,Q1,2014,2014-03-31
Prince Edward Island,Q2 2014,411.0,11.0,25.0,24.0,10.0,203.0,,,Q2,2014,2014-06-30
Prince Edward Island,Q3 2014,511.0,54.0,62.0,19.0,11.0,138.0,,,Q3,2014,2014-09-30
Prince Edward Island,Q4 2014,344.0,25.0,24.0,8.0,9.0,-186.0,,,Q4,2014,2014-12-31
Prince Edward Island,Q1 2015,196.0,27.0,23.0,6.0,10.0,21.0,,,Q1,2015,2015-03-31
Prince Edward Island,Q2 2015,290.0,30.0,34.0,14.0,10.0,613.0,,,Q2,2015,2015-06-30
Prince Edward Island,Q3 2015,365.0,34.0,37.0,14.0,11.0,139.0,,,Q3,2015,2015-09-30
Prince Edward Island,Q4 2015,339.0,26.0,22.0,5.0,9.0,73.0,,,Q4,2015,2015-12-31
Prince Edward Island,Q1 2016,560.0,30.0,25.0,5.0,10.0,-8.0,,,Q1,2016,2016-03-31
Prince Edward Island,Q2 2016,751.0,23.0,24.0,10.0,9.0,420.0,,,Q2,2016,2016-06-30
Prince Edward Island,Q3 2016,694.0,63.0,126.0,63.0,,389.0,,,Q3,2016,2016-09-30
Prince Edward Island,Q4 2016,308.0,23.0,46.0,23.0,,-150.0,,,Q4,2016,2016-12-31
Prince Edward Island,Q1 2017,607.0,19.0,40.0,21.0,,-13.0,,,Q1,2017,2017-03-31
Prince Edward Island,Q2 2017,652.0,35.0,77.0,42.0,,456.0,,,Q2,2017,2017-06-30
Prince Edward Island,Q3 2017,628.0,-12.0,36.0,48.0,,429.0,,,Q3,2017,2017-09-30
Prince Edward Island,Q4 2017,456.0,2.0,23.0,21.0,,-174.0,,,Q4,2017,2017-12-31
Prince Edward Island,Q1 2018,480.0,3.0,21.0,18.0,,139.0,,,Q1,2018,2018-03-31
Prince Edward Island,Q2 2018,525.0,-9.0,25.0,34.0,,430.0,,,Q2,2018,2018-06-30
Prince Edward Island,Q3 2018,685.0,-22.0,74.0,96.0,,934.0,,,Q3,2018,2018-09-30
Prince Edward Island,Q4 2018,437.0,17.0,61.0,44.0,,-328.0,,,Q4,2018,2018-12-31
Prince Edward Island,Q1 2019,544.0,20.0,59.0,39.0,,37.0,,,Q1,2019,2019-03-31
Prince Edward Island,Q2 2019,601.0,-3.0,59.0,62.0,,509.0,,,Q2,2019,2019-06-30
Prince Edward Island,Q3 2019,855.0,-4.0,34.0,38.0,,677.0,,,Q3,2019,2019-09-30
Prince Edward Island,Q4 2019,447.0,2.0,18.0,16.0,,-46.0,,,Q4,2019,2019-12-31
Prince Edward Island,Q1 2020,494.0,0.0,18.0,18.0,,-26.0,,,Q1,2020,2020-03-31
Prince Edward Island,Q2 2020,283.0,-1.0,6.0,7.0,,139.0,,,Q2,2020,2020-06-30
Prince Edward Island,Q3 2020,256.0,2.0,35.0,33.0,,-73.0,,,Q3,2020,2020-09-30
Prince Edward Island,Q4 2020,259.0,8.0,25.0,17.0,,61.0,,,Q4,2020,2020-12-31
Prince Edward Island,Q1 2021,366.0,16.0,31.0,15.0,,383.0,,,Q1,2021,2021-03-31
Prince Edward Island,Q2 2021,328.0,18.0,34.0,16.0,,608.0,,,Q2,2021,2021-06-30
Prince Edward Island,Q3 2021,1068.0,7.0,48.0,41.0,,55.0,1073.0,1018.0,Q3,2021,2021-09-30
Prince Edward Island,Q4 2021,851.0,14.0,37.0,23.0,,-550.0,556.0,1106.0,Q4,2021,2021-12-31
Prince Edward Island,Q1 2022,652.0,28.0,47.0,19.0,,83.0,538.0,455.0,Q1,2022,2022-03-31
Prince Edward Island,Q2 2022,868.0,22.0,52.0,30.0,,560.0,1030.0,470.0,Q2,2022,2022-06-30
Prince Edward Island,Q3 2022,835.0,30.0,72.0,42.0,,1177.0,1749.0,572.0,Q3,2022,2022-09-30
Prince Edward Island,Q4 2022,313.0,23.0,45.0,22.0,,432.0,946.0,514.0,Q4,2022,2022-12-31
Prince Edward Island,Q1 2023,1274.0,28.0,48.0,20.0,,-104.0,843.0,947.0,Q1,2023,2023-03-31
Prince Edward Island,Q2 2023,694.0,30.0,62.0,32.0,,927.0,1259.0,332.0,Q2,2023,2023-06-30
Prince Edward Island,Q3 2023,826.0,41.0,91.0,50.0,,1524.0,2165.0,641.0,Q3,2023,2023-09-30
Prince Edward Island,Q4 2023,824.0,23.0,46.0,23.0,,-83.0,857.0,940.0,Q4,2023,2023-12-31
Prince Edward Island,Q1 2024,1328.0,29.0,48.0,19.0,,-284.0,814.0,1098.0,Q1,2024,2024-03-31
Prince Edward Island,Q2 2024,1169.0,31.0,65.0,34.0,,19.0,971.0,952.0,Q2,2024,2024-06-30
Prince Edward Island,Q3 2024,980.0,42.0,94.0,52.0,,441.0,1291.0,850.0,Q3,2024,2024-09-30
Prince Edward Island,Q4 2024,502.0,24.0,47.0,23.0,,-348.0,488.0,836.0,Q4,2024,2024-12-31
Prince Edward Island,Q1 2025,817.0,28.0,48.0,20.0,,-666.0,373.0,1039.0,Q1,2025,2025-03-31
Prince Edward Island,Q2 2025,544.0,33.0,68.0,35.0,,7.0,772.0,765.0,Q2,2025,2025-06-30
Quebec,Q1 2010,10851.0,1299.0,1666.0,874.0,507.0,2277.0,,,Q1,2010,2010-03-31
Quebec,Q2 2010,14058.0,1238.0,2284.0,1583.0,537.0,5764.0,,,Q2,2010,2010-06-30
Quebec,Q3 2010,16512.0,1835.0,3232.0,2027.0,630.0,1055.0,,,Q3,2010,2010-09-30
Quebec,Q4 2010,12577.0,1649.0,2045.0,917.0,521.0,-5793.0,,,Q4,2010,2010-12-31
Quebec,Q1 2011,10124.0,1763.0,2131.0,888.0,520.0,2082.0,,,Q1,2011,2011-03-31
Quebec,Q2 2011,14198.0,1287.0,2407.0,1647.0,527.0,6122.0,,,Q2,2011,2011-06-30
Quebec,Q3 2011,15132.0,2492.0,3368.0,2198.0,1322.0,-921.0,,,Q3,2011,2011-09-30
Quebec,Q4 2011,12270.0,2214.0,2081.0,941.0,1074.0,-3383.0,,,Q4,2011,2011-12-31
Quebec,Q1 2012,10927.0,1994.0,1884.0,935.0,1045.0,2688.0,,,Q1,2012,2012-03-31
Quebec,Q2 2012,15886.0,1590.0,2279.0,1732.0,1043.0,6518.0,,,Q2,2012,2012-06-30
Quebec,Q3 2012,15274.0,2067.0,3075.0,2302.0,1294.0,1548.0,,,Q3,2012,2012-09-30
Quebec,Q4 2012,12937.0,2072.0,1895.0,867.0,1044.0,-6686.0,,,Q4,2012,2012-12-31
Quebec,Q1 2013,11695.0,2080.0,1865.0,862.0,1077.0,757.0,,,Q1,2013,2013-03-31
Quebec,Q2 2013,16042.0,1723.0,2289.0,1638.0,1072.0,6523.0,,,Q2,2013,2013-06-30
Quebec,Q3 2013,13696.0,2208.0,3173.0,2227.0,1262.0,1954.0,,,Q3,2013,2013-09-30
Quebec,Q4 2013,10545.0,2255.0,1961.0,774.0,1068.0,-7256.0,,,Q4,2013,2013-12-31
Quebec,Q1 2014,10603.0,2322.0,1994.0,750.0,1078.0,955.0,,,Q1,2014,2014-03-31
Quebec,Q2 2014,16797.0,2218.0,2521.0,1384.0,1081.0,5132.0,,,Q2,2014,2014-06-30
Quebec,Q3 2014,14852.0,2652.0,3440.0,2090.0,1302.0,3798.0,,,Q3,2014,2014-09-30
Quebec,Q4 2014,7993.0,2374.0,2141.0,805.0,1038.0,-6052.0,,,Q4,2014,2014-12-31
Quebec,Q1 2015,9219.0,2649.0,2303.0,726.0,1072.0,-1484.0,,,Q1,2015,2015-03-31
Quebec,Q2 2015,13445.0,2230.0,2672.0,1516.0,1074.0,8260.0,,,Q2,2015,2015-06-30
Quebec,Q3 2015,13740.0,2524.0,3662.0,2475.0,1337.0,2115.0,,,Q3,2015,2015-09-30
Quebec,Q4 2015,12626.0,2463.0,2257.0,863.0,1069.0,-5260.0,,,Q4,2015,2015-12-31
Quebec,Q1 2016,13876.0,2172.0,1989.0,877.0,1060.0,837.0,,,Q1,2016,2016-03-31
Quebec,Q2 2016,15166.0,1573.0,2182.0,1629.0,1020.0,8356.0,,,Q2,2016,2016-06-30
Quebec,Q3 2016,14704.0,2825.0,6640.0,3815.0,,6177.0,,,Q3,2016,2016-09-30
Quebec,Q4 2016,9496.0,2386.0,4052.0,1666.0,,-2530.0,,,Q4,2016,2016-12-31
Quebec,Q1 2017,12873.0,2053.0,3656.0,1603.0,,3286.0,,,Q1,2017,2017-03-31
Quebec,Q2 2017,16085.0,1651.0,4182.0,2531.0,,12007.0,,,Q2,2017,2017-06-30
Quebec,Q3 2017,13854.0,1492.0,4748.0,3256.0,,17203.0,,,Q3,2017,2017-09-30
Quebec,Q4 2017,9569.0,1439.0,2831.0,1392.0,,3436.0,,,Q4,2017,2017-12-31
Quebec,Q1 2018,11035.0,1614.0,2984.0,1370.0,,8295.0,,,Q1,2018,2018-03-31
Quebec,Q2 2018,13450.0,1108.0,3326.0,2218.0,,19239.0,,,Q2,2018,2018-06-30
Quebec,Q3 2018,15348.0,1146.0,4664.0,3518.0,,14429.0,,,Q3,2018,2018-09-30
Quebec,Q4 2018,11291.0,1529.0,3062.0,1533.0,,1610.0,,,Q4,2018,2018-12-31
Quebec,Q1 2019,8047.0,1437.0,2774.0,1337.0,,11124.0,,,Q1,2019,2019-03-31
Quebec,Q2 2019,10176.0,800.0,2971.0,2171.0,,23709.0,,,Q2,2019,2019-06-30
Quebec,Q3 2019,11529.0,954.0,4306.0,3352.0,,23839.0,,,Q3,2019,2019-09-30
Quebec,Q4 2019,10814.0,892.0,2243.0,1351.0,,4959.0,,,Q4,2019,2019-12-31
Quebec,Q1 2020,7975.0,894.0,2358.0,1464.0,,7256.0,,,Q1,2020,2020-03-31
Quebec,Q2 2020,2983.0,427.0,1204.0,777.0,,1212.0,,,Q2,2020,2020-06-30
Quebec,Q3 2020,7218.0,-236.0,2963.0,3199.0,,-9529.0,,,Q3,2020,2020-09-30
Quebec,Q4 2020,7057.0,705.0,2250.0,1545.0,,-4984.0,,,Q4,2020,2020-12-31
Quebec,Q1 2021,10152.0,1041.0,2084.0,1043.0,,-2700.0,,,Q1,2021,2021-03-31
Quebec,Q2 2021,9244.0,1194.0,2600.0,1406.0,,3566.0,,,Q2,2021,2021-06-30
Quebec,Q3 2021,14857.0,923.0,4118.0,3195.0,,14464.0,37304.0,22840.0,Q3,2021,2021-09-30
Quebec,Q4 2021,16022.0,1274.0,3060.0,1786.0,,-6848.0,22801.0,29649.0,Q4,2021,2021-12-31
Quebec,Q1 2022,13632.0,1501.0,2828.0,1327.0,,4709.0,26648.0,21939.0,Q1,2022,2022-03-31
Quebec,Q2 2022,18294.0,1364.0,3681.0,2317.0,,24608.0,42936.0,18328.0,Q2,2022,2022-06-30
Quebec,Q3 2022,20607.0,2359.0,5004.0,2645.0,,31079.0,57776.0,26697.0,Q3,2022,2022-09-30
Quebec,Q4 2022,16188.0,1721.0,3073.0,1352.0,,13930.0,42320.0,28390.0,Q4,2022,2022-12-31
Quebec,Q1 2023,16063.0,1894.0,3046.0,1152.0,,18549.0,41428.0,22879.0,Q1,2023,2023-03-31
Quebec,Q2 2023,11617.0,1620.0,3564.0,1944.0,,40813.0,53819.0,13006.0,Q2,2023,2023-06-30
Quebec,Q3 2023,16516.0,2749.0,5663.0,2914.0,,46936.0,72553.0,25617.0,Q3,2023,2023-09-30
Quebec,Q4 2023,8612.0,1730.0,3098.0,1368.0,,23428.0,49580.0,26152.0,Q4,2023,2023-12-31
Quebec,Q1 2024,13371.0,2017.0,3243.0,1226.0,,29061.0,51672.0,22611.0,Q1,2024,2024-03-31
Quebec,Q2 2024,16956.0,1476.0,3359.0,1883.0,,34979.0,54555.0,19576.0,Q2,2024,2024-06-30
Quebec,Q3 2024,16617.0,2833.0,5836.0,3003.0,,27469.0,57172.0,29703.0,Q3,2024,2024-09-30
Quebec,Q4 2024,12496.0,1782.0,3192.0,1410.0,,-3299.0,30734.0,34033.0,Q4,2024,2024-12-31
Quebec,Q1 2025,9590.0,2077.0,3340.0,1263.0,,-4664.0,26940.0,31604.0,Q1,2025,2025-03-31
Quebec,Q2 2025,18926.0,1520.0,3460.0,1940.0,,1524.0,39120.0,37596.0,Q2,2025,2025-06-30
Saskatchewan,Q1 2010,1545.0,80.0,137.0,105.0,48.0,58.0,,,Q1,2010,2010-03-31
Saskatchewan,Q2 2010,2184.0,-1.0,138.0,190.0,51.0,186.0,,,Q2,2010,2010-06-30
Saskatchewan,Q3 2010,2283.0,24.0,227.0,263.0,60.0,364.0,,,Q3,2010,2010-09-30
Saskatchewan,Q4 2010,1603.0,88.0,158.0,119.0,49.0,-392.0,,,Q4,2010,2010-12-31
Saskatchewan,Q1 2011,1418.0,108.0,174.0,115.0,49.0,185.0,,,Q1,2011,2011-03-31
Saskatchewan,Q2 2011,2249.0,21.0,184.0,213.0,50.0,146.0,,,Q2,2011,2011-06-30
Saskatchewan,Q3 2011,2717.0,222.0,352.0,273.0,143.0,279.0,,,Q3,2011,2011-09-30
Saskatchewan,Q4 2011,2572.0,155.0,155.0,117.0,117.0,716.0,,,Q4,2011,2011-12-31
Saskatchewan,Q1 2012,2817.0,249.0,252.0,116.0,113.0,455.0,,,Q1,2012,2012-03-31
Saskatchewan,Q2 2012,3340.0,140.0,242.0,215.0,113.0,454.0,,,Q2,2012,2012-06-30
Saskatchewan,Q3 2012,2667.0,151.0,198.0,187.0,140.0,932.0,,,Q3,2012,2012-09-30
Saskatchewan,Q4 2012,2351.0,206.0,163.0,70.0,113.0,175.0,,,Q4,2012,2012-12-31
Saskatchewan,Q1 2013,1915.0,237.0,190.0,70.0,117.0,1130.0,,,Q1,2013,2013-03-31
Saskatchewan,Q2 2013,2881.0,139.0,154.0,132.0,117.0,1074.0,,,Q2,2013,2013-06-30
Saskatchewan,Q3 2013,2721.0,210.0,356.0,283.0,137.0,494.0,,,Q3,2013,2013-09-30
Saskatchewan,Q4 2013,3161.0,155.0,138.0,98.0,115.0,-415.0,,,Q4,2013,2013-12-31
Saskatchewan,Q1 2014,2900.0,265.0,243.0,95.0,117.0,41.0,,,Q1,2014,2014-03-31
Saskatchewan,Q2 2014,3535.0,160.0,218.0,175.0,117.0,83.0,,,Q2,2014,2014-06-30
Saskatchewan,Q3 2014,2778.0,175.0,311.0,277.0,141.0,277.0,,,Q3,2014,2014-09-30
Saskatchewan,Q4 2014,2615.0,213.0,206.0,106.0,113.0,-834.0,,,Q4,2014,2014-12-31
Saskatchewan,Q1 2015,2356.0,264.0,243.0,96.0,117.0,-596.0,,,Q1,2015,2015-03-31
Saskatchewan,Q2 2015,3628.0,202.0,285.0,200.0,117.0,1878.0,,,Q2,2015,2015-06-30
Saskatchewan,Q3 2015,3680.0,282.0,403.0,267.0,146.0,-197.0,,,Q3,2015,2015-09-30
Saskatchewan,Q4 2015,2858.0,252.0,230.0,94.0,116.0,-257.0,,,Q4,2015,2015-12-31
Saskatchewan,Q1 2016,4110.0,310.0,289.0,94.0,115.0,-11.0,,,Q1,2016,2016-03-31
Saskatchewan,Q2 2016,4523.0,157.0,222.0,176.0,111.0,211.0,,,Q2,2016,2016-06-30
Saskatchewan,Q3 2016,3470.0,205.0,662.0,457.0,,1191.0,,,Q3,2016,2016-09-30
Saskatchewan,Q4 2016,2777.0,170.0,347.0,177.0,,-274.0,,,Q4,2016,2016-12-31
Saskatchewan,Q1 2017,3826.0,165.0,343.0,178.0,,-694.0,,,Q1,2017,2017-03-31
Saskatchewan,Q2 2017,4240.0,79.0,376.0,297.0,,149.0,,,Q2,2017,2017-06-30
Saskatchewan,Q3 2017,3970.0,151.0,521.0,370.0,,910.0,,,Q3,2017,2017-09-30
Saskatchewan,Q4 2017,2650.0,185.0,345.0,160.0,,-299.0,,,Q4,2017,2017-12-31
Saskatchewan,Q1 2018,3992.0,219.0,381.0,162.0,,-1019.0,,,Q1,2018,2018-03-31
Saskatchewan,Q2 2018,4387.0,118.0,371.0,253.0,,78.0,,,Q2,2018,2018-06-30
Saskatchewan,Q3 2018,4231.0,205.0,624.0,419.0,,1140.0,,,Q3,2018,2018-09-30
Saskatchewan,Q4 2018,2898.0,202.0,377.0,175.0,,139.0,,,Q4,2018,2018-12-31
Saskatchewan,Q1 2019,2854.0,278.0,451.0,173.0,,-224.0,,,Q1,2019,2019-03-31
Saskatchewan,Q2 2019,3932.0,101.0,350.0,249.0,,579.0,,,Q2,2019,2019-06-30
Saskatchewan,Q3 2019,5521.0,368.0,781.0,413.0,,485.0,,,Q3,2019,2019-09-30
Saskatchewan,Q4 2019,3564.0,299.0,484.0,185.0,,371.0,,,Q4,2019,2019-12-31
Saskatchewan,Q1 2020,3023.0,211.0,389.0,178.0,,-312.0,,,Q1,2020,2020-03-31
Saskatchewan,Q2 2020,1275.0,58.0,142.0,84.0,,-589.0,,,Q2,2020,2020-06-30
Saskatchewan,Q3 2020,1727.0,248.0,498.0,250.0,,-1083.0,,,Q3,2020,2020-09-30
Saskatchewan,Q4 2020,1401.0,153.0,269.0,116.0,,290.0,,,Q4,2020,2020-12-31
Saskatchewan,Q1 2021,2452.0,160.0,243.0,83.0,,366.0,,,Q1,2021,2021-03-31
Saskatchewan,Q2 2021,1773.0,222.0,338.0,116.0,,132.0,,,Q2,2021,2021-06-30
Saskatchewan,Q3 2021,3040.0,232.0,655.0,423.0,,987.0,2929.0,1942.0,Q3,2021,2021-09-30
Saskatchewan,Q4 2021,3686.0,217.0,433.0,216.0,,-133.0,1976.0,2109.0,Q4,2021,2021-12-31
Saskatchewan,Q1 2022,4161.0,239.0,399.0,160.0,,5.0,1680.0,1675.0,Q1,2022,2022-03-31
Saskatchewan,Q2 2022,5404.0,229.0,514.0,285.0,,1944.0,3138.0,1194.0,Q2,2022,2022-06-30
Saskatchewan,Q3 2022,6974.0,212.0,672.0,460.0,,3358.0,5126.0,1768.0,Q3,2022,2022-09-30
Saskatchewan,Q4 2022,5140.0,205.0,444.0,239.0,,3522.0,4495.0,973.0,Q4,2022,2022-12-31
Saskatchewan,Q1 2023,7393.0,304.0,508.0,204.0,,589.0,3755.0,3166.0,Q1,2023,2023-03-31
Saskatchewan,Q2 2023,6623.0,98.0,434.0,336.0,,3347.0,4697.0,1350.0,Q2,2023,2023-06-30
Saskatchewan,Q3 2023,6025.0,227.0,707.0,480.0,,6367.0,7847.0,1480.0,Q3,2023,2023-09-30
Saskatchewan,Q4 2023,5134.0,173.0,397.0,224.0,,3834.0,5619.0,1785.0,Q4,2023,2023-12-31
Saskatchewan,Q1 2024,5607.0,321.0,536.0,215.0,,2934.0,5018.0,2084.0,Q1,2024,2024-03-31
Saskatchewan,Q2 2024,7414.0,25.0,323.0,298.0,,2035.0,4801.0,2766.0,Q2,2024,2024-06-30
Saskatchewan,Q3 2024,6045.0,233.0,729.0,496.0,,3247.0,5837.0,2590.0,Q3,2024,2024-09-30
Saskatchewan,Q4 2024,4098.0,177.0,406.0,229.0,,1635.0,3676.0,2041.0,Q4,2024,2024-12-31
Saskatchewan,Q1 2025,4589.0,332.0,553.0,221.0,,-1888.0,2292.0,4180.0,Q1,2025,2025-03-31
Saskatchewan,Q2 2025,3467.0,26.0,334.0,308.0,,-803.0,2952.0,3755.0,Q2,2025,2025-06-30
Yukon,Q1 2010,133.0,5.0,4.0,3.0,4.0,46.0,,,Q1,2010,2010-03-31
Yukon,Q2 2010,100.0,1.0,4.0,7.0,4.0,78.0,,,Q2,2010,2010-06-30
Yukon,Q3 2010,76.0,6.0,8.0,8.0,6.0,18.0,,,Q3,2010,2010-09-30
Yukon,Q4 2010,41.0,7.0,6.0,3.0,4.0,-74.0,,,Q4,2010,2010-12-31
Yukon,Q1 2011,35.0,4.0,4.0,4.0,4.0,-8.0,,,Q1,2011,2011-03-31
Yukon,Q2 2011,62.0,1.0,4.0,7.0,4.0,66.0,,,Q2,2011,2011-06-30
Yukon,Q3 2011,61.0,29.0,25.0,5.0,9.0,-61.0,,,Q3,2011,2011-09-30
Yukon,Q4 2011,79.0,17.0,14.0,3.0,6.0,-81.0,,,Q4,2011,2011-12-31
Yukon,Q1 2012,87.0,15.0,11.0,3.0,7.0,41.0,,,Q1,2012,2012-03-31
Yukon,Q2 2012,104.0,16.0,13.0,4.0,7.0,19.0,,,Q2,2012,2012-06-30
Yukon,Q3 2012,43.0,20.0,14.0,2.0,8.0,29.0,,,Q3,2012,2012-09-30
Yukon,Q4 2012,45.0,17.0,11.0,0.0,6.0,-106.0,,,Q4,2012,2012-12-31
Yukon,Q1 2013,39.0,18.0,11.0,0.0,7.0,-12.0,,,Q1,2013,2013-03-31
Yukon,Q2 2013,85.0,17.0,11.0,1.0,7.0,73.0,,,Q2,2013,2013-06-30
Yukon,Q3 2013,77.0,6.0,6.0,8.0,8.0,29.0,,,Q3,2013,2013-09-30
Yukon,Q4 2013,115.0,9.0,5.0,3.0,7.0,-123.0,,,Q4,2013,2013-12-31
Yukon,Q1 2014,75.0,11.0,7.0,3.0,7.0,-1.0,,,Q1,2014,2014-03-31
Yukon,Q2 2014,93.0,5.0,4.0,6.0,7.0,47.0,,,Q2,2014,2014-06-30
Yukon,Q3 2014,55.0,10.0,2.0,0.0,8.0,16.0,,,Q3,2014,2014-09-30
Yukon,Q4 2014,81.0,6.0,0.0,0.0,6.0,-89.0,,,Q4,2014,2014-12-31
Yukon,Q1 2015,55.0,8.0,1.0,0.0,7.0,-17.0,,,Q1,2015,2015-03-31
Yukon,Q2 2015,73.0,7.0,0.0,0.0,7.0,71.0,,,Q2,2015,2015-06-30
Yukon,Q3 2015,98.0,27.0,20.0,2.0,9.0,11.0,,,Q3,2015,2015-09-30
Yukon,Q4 2015,41.0,16.0,10.0,0.0,6.0,-37.0,,,Q4,2015,2015-12-31
Yukon,Q1 2016,65.0,16.0,9.0,0.0,7.0,27.0,,,Q1,2016,2016-03-31
Yukon,Q2 2016,50.0,17.0,12.0,1.0,6.0,125.0,,,Q2,2016,2016-06-30
Yukon,Q3 2016,45.0,45.0,54.0,9.0,,60.0,,,Q3,2016,2016-09-30
Yukon,Q4 2016,51.0,24.0,26.0,2.0,,-33.0,,,Q4,2016,2016-12-31
Yukon,Q1 2017,73.0,29.0,31.0,2.0,,-20.0,,,Q1,2017,2017-03-31
Yukon,Q2 2017,64.0,18.0,21.0,3.0,,133.0,,,Q2,2017,2017-06-30
Yukon,Q3 2017,49.0,14.0,14.0,0.0,,75.0,,,Q3,2017,2017-09-30
Yukon,Q4 2017,39.0,10.0,10.0,0.0,,64.0,,,Q4,2017,2017-12-31
Yukon,Q1 2018,94.0,10.0,10.0,0.0,,-24.0,,,Q1,2018,2018-03-31
Yukon,Q2 2018,81.0,12.0,12.0,0.0,,143.0,,,Q2,2018,2018-06-30
Yukon,Q3 2018,66.0,18.0,26.0,8.0,,43.0,,,Q3,2018,2018-09-30
Yukon,Q4 2018,66.0,7.0,10.0,3.0,,-45.0,,,Q4,2018,2018-12-31
Yukon,Q1 2019,63.0,13.0,17.0,4.0,,-55.0,,,Q1,2019,2019-03-31
Yukon,Q2 2019,114.0,6.0,10.0,4.0,,75.0,,,Q2,2019,2019-06-30
Yukon,Q3 2019,130.0,8.0,17.0,9.0,,39.0,,,Q3,2019,2019-09-30
Yukon,Q4 2019,93.0,7.0,10.0,3.0,,15.0,,,Q4,2019,2019-12-31
Yukon,Q1 2020,89.0,6.0,10.0,4.0,,-103.0,,,Q1,2020,2020-03-31
Yukon,Q2 2020,24.0,1.0,2.0,1.0,,-70.0,,,Q2,2020,2020-06-30
Yukon,Q3 2020,37.0,18.0,18.0,0.0,,81.0,,,Q3,2020,2020-09-30
Yukon,Q4 2020,26.0,21.0,21.0,0.0,,-14.0,,,Q4,2020,2020-12-31
Yukon,Q1 2021,84.0,34.0,36.0,2.0,,75.0,,,Q1,2021,2021-03-31
Yukon,Q2 2021,153.0,18.0,18.0,0.0,,26.0,,,Q2,2021,2021-06-30
Yukon,Q3 2021,168.0,5.0,21.0,16.0,,6.0,157.0,151.0,Q3,2021,2021-09-30
Yukon,Q4 2021,191.0,11.0,23.0,12.0,,-130.0,98.0,228.0,Q4,2021,2021-12-31
Yukon,Q1 2022,169.0,20.0,32.0,12.0,,-90.0,79.0,169.0,Q1,2022,2022-03-31
Yukon,Q2 2022,136.0,8.0,20.0,12.0,,139.0,225.0,86.0,Q2,2022,2022-06-30
Yukon,Q3 2022,112.0,-2.0,11.0,13.0,,159.0,236.0,77.0,Q3,2022,2022-09-30
Yukon,Q4 2022,37.0,3.0,10.0,7.0,,174.0,227.0,53.0,Q4,2022,2022-12-31
Yukon,Q1 2023,343.0,7.0,12.0,5.0,,-91.0,206.0,297.0,Q1,2023,2023-03-31
Yukon,Q2 2023,185.0,1.0,10.0,9.0,,288.0,388.0,100.0,Q2,2023,2023-06-30
Yukon,Q3 2023,167.0,-5.0,8.0,13.0,,240.0,356.0,116.0,Q3,2023,2023-09-30
Yukon,Q4 2023,195.0,2.0,6.0,4.0,,101.0,271.0,170.0,Q4,2023,2023-12-31
Yukon,Q1 2024,297.0,7.0,12.0,5.0,,57.0,296.0,239.0,Q1,2024,2024-03-31
Yukon,Q2 2024,236.0,-2.0,6.0,8.0,,123.0,319.0,196.0,Q2,2024,2024-06-30
Yukon,Q3 2024,276.0,-5.0,8.0,13.0,,78.0,290.0,212.0,Q3,2024,2024-09-30
Yukon,Q4 2024,130.0,2.0,6.0,4.0,,101.0,196.0,95.0,Q4,2024,2024-12-31
Yukon,Q1 2025,242.0,7.0,13.0,6.0,,-220.0,85.0,305.0,Q1,2025,2025-03-31
Yukon,Q2 2025,178.0,-1.0,6.0,7.0,,17.0,234.0,217.0,Q2,2025,2025-06-30
