province,reference_period,in_migrants,out_migrants,net_interprovincial_migration,quarter,year,quarter_date
Alberta,Q1 2010,15008.0,14860.0,148.0,Q1,2010,2010-03-31
Alberta,Q2 2010,17251.0,16448.0,803.0,Q2,2010,2010-06-30
Alberta,Q3 2010,16766.0,16767.0,-1.0,Q3,2010,2010-09-30
Alberta,Q4 2010,12428.0,11098.0,1330.0,Q4,2010,2010-12-31
Alberta,Q1 2011,15768.0,12608.0,3160.0,Q1,2011,2011-03-31
Alberta,Q2 2011,19013.0,15059.0,3954.0,Q2,2011,2011-06-30
Alberta,Q3 2011,22147.0,18189.0,3958.0,Q3,2011,2011-09-30
Alberta,Q4 2011,15797.0,10901.0,4896.0,Q4,2011,2011-12-31
Alberta,Q1 2012,22632.0,12201.0,10431.0,Q1,2012,2012-03-31
Alberta,Q2 2012,26008.0,17641.0,8367.0,Q2,2012,2012-06-30
Alberta,Q3 2012,25552.0,15767.0,9785.0,Q3,2012,2012-09-30
Alberta,Q4 2012,15730.0,8026.0,7704.0,Q4,2012,2012-12-31
Alberta,Q1 2013,21438.0,11692.0,9746.0,Q1,2013,2013-03-31
Alberta,Q2 2013,29833.0,18470.0,11363.0,Q2,2013,2013-06-30
Alberta,Q3 2013,25511.0,15277.0,10234.0,Q3,2013,2013-09-30
Alberta,Q4 2013,16387.0,10900.0,5487.0,Q4,2013,2013-12-31
Alberta,Q1 2014,22290.0,13522.0,8768.0,Q1,2014,2014-03-31
Alberta,Q2 2014,31613.0,20720.0,10893.0,Q2,2014,2014-06-30
Alberta,Q3 2014,22189.0,15803.0,6386.0,Q3,2014,2014-09-30
Alberta,Q4 2014,14650.0,11574.0,3076.0,Q4,2014,2014-12-31
Alberta,Q1 2015,22849.0,16367.0,6482.0,Q1,2015,2015-03-31
Alberta,Q2 2015,29786.0,24136.0,5650.0,Q2,2015,2015-06-30
Alberta,Q3 2015,19080.0,21077.0,-1997.0,Q3,2015,2015-09-30
Alberta,Q4 2015,10187.0,12898.0,-2711.0,Q4,2015,2015-12-31
Alberta,Q1 2016,15118.0,19508.0,-4390.0,Q1,2016,2016-03-31
Alberta,Q2 2016,19513.0,25523.0,-6010.0,Q2,2016,2016-06-30
Alberta,Q3 2016,16345.0,20911.0,-4566.0,Q3,2016,2016-09-30
Alberta,Q4 2016,8889.0,11753.0,-2864.0,Q4,2016,2016-12-31
Alberta,Q1 2017,14342.0,17421.0,-3079.0,Q1,2017,2017-03-31
Alberta,Q2 2017,18991.0,24041.0,-5050.0,Q2,2017,2017-06-30
Alberta,Q3 2017,15592.0,16866.0,-1274.0,Q3,2017,2017-09-30
Alberta,Q4 2017,10077.0,11088.0,-1011.0,Q4,2017,2017-12-31
Alberta,Q1 2018,14897.0,15069.0,-172.0,Q1,2018,2018-03-31
Alberta,Q2 2018,21298.0,22088.0,-790.0,Q2,2018,2018-06-30
Alberta,Q3 2018,14480.0,14721.0,-241.0,Q3,2018,2018-09-30
Alberta,Q4 2018,10911.0,10853.0,58.0,Q4,2018,2018-12-31
Alberta,Q1 2019,13741.0,13599.0,142.0,Q1,2019,2019-03-31
Alberta,Q2 2019,19357.0,21348.0,-1991.0,Q2,2019,2019-06-30
Alberta,Q3 2019,16777.0,16706.0,71.0,Q3,2019,2019-09-30
Alberta,Q4 2019,11463.0,10755.0,708.0,Q4,2019,2019-12-31
Alberta,Q1 2020,17097.0,16202.0,895.0,Q1,2020,2020-03-31
Alberta,Q2 2020,16873.0,20924.0,-4051.0,Q2,2020,2020-06-30
Alberta,Q3 2020,10594.0,11228.0,-634.0,Q3,2020,2020-09-30
Alberta,Q4 2020,7270.0,8699.0,-1429.0,Q4,2020,2020-12-31
Alberta,Q1 2021,12778.0,15804.0,-3026.0,Q1,2021,2021-03-31
Alberta,Q2 2021,19769.0,24138.0,-4369.0,Q2,2021,2021-06-30
Alberta,Q3 2021,18529.0,18283.0,246.0,Q3,2021,2021-09-30
Alberta,Q4 2021,12149.0,11401.0,748.0,Q4,2021,2021-12-31
Alberta,Q1 2022,18755.0,17455.0,1300.0,Q1,2022,2022-03-31
Alberta,Q2 2022,32090.0,28738.0,3352.0,Q2,2022,2022-06-30
Alberta,Q3 2022,27534.0,14374.0,13160.0,Q3,2022,2022-09-30
Alberta,Q4 2022,17299.0,9524.0,7775.0,Q4,2022,2022-12-31
Alberta,Q1 2023,26020.0,16248.0,9772.0,Q1,2023,2023-03-31
Alberta,Q2 2023,29900.0,21199.0,8701.0,Q2,2023,2023-06-30
Alberta,Q3 2023,28954.0,12440.0,16514.0,Q3,2023,2023-09-30
Alberta,Q4 2023,17281.0,7905.0,9376.0,Q4,2023,2023-12-31
Alberta,Q1 2024,26952.0,15427.0,11525.0,Q1,2024,2024-03-31
Alberta,Q2 2024,30961.0,19982.0,10979.0,Q2,2024,2024-06-30
Alberta,Q3 2024,22399.0,12134.0,10265.0,Q3,2024,2024-09-30
Alberta,Q4 2024,12909.0,7916.0,4993.0,Q4,2024,2024-12-31
Alberta,Q1 2025,21111.0,14418.0,6693.0,Q1,2025,2025-03-31
Alberta,Q2 2025,26297.0,20110.0,6187.0,Q2,2025,2025-06-30
British Columbia,Q1 2010,11474.0,9861.0,1613.0,Q1,2010,2010-03-31
British Columbia,Q2 2010,14517.0,12486.0,2031.0,Q2,2010,2010-06-30
British Columbia,Q3 2010,14420.0,12957.0,1463.0,Q3,2010,2010-09-30
British Columbia,Q4 2010,9639.0,8534.0,1105.0,Q4,2010,2010-12-31
British Columbia,Q1 2011,10899.0,10119.0,780.0,Q1,2011,2011-03-31
British Columbia,Q2 2011,12896.0,12823.0,73.0,Q2,2011,2011-06-30
British Columbia,Q3 2011,15465.0,16041.0,-576.0,Q3,2011,2011-09-30
British Columbia,Q4 2011,9757.0,9323.0,434.0,Q4,2011,2011-12-31
British Columbia,Q1 2012,10753.0,12542.0,-1789.0,Q1,2012,2012-03-31
British Columbia,Q2 2012,15695.0,16475.0,-780.0,Q2,2012,2012-06-30
British Columbia,Q3 2012,14439.0,15034.0,-595.0,Q3,2012,2012-09-30
British Columbia,Q4 2012,7404.0,8562.0,-1158.0,Q4,2012,2012-12-31
British Columbia,Q1 2013,9975.0,10358.0,-383.0,Q1,2013,2013-03-31
British Columbia,Q2 2013,16690.0,16422.0,268.0,Q2,2013,2013-06-30
British Columbia,Q3 2013,14145.0,12323.0,1822.0,Q3,2013,2013-09-30
British Columbia,Q4 2013,9362.0,8555.0,807.0,Q4,2013,2013-12-31
British Columbia,Q1 2014,12352.0,10629.0,1723.0,Q1,2014,2014-03-31
British Columbia,Q2 2014,21302.0,16179.0,5123.0,Q2,2014,2014-06-30
British Columbia,Q3 2014,16558.0,10964.0,5594.0,Q3,2014,2014-09-30
British Columbia,Q4 2014,10820.0,7401.0,3419.0,Q4,2014,2014-12-31
British Columbia,Q1 2015,15016.0,10524.0,4492.0,Q1,2015,2015-03-31
British Columbia,Q2 2015,23313.0,16439.0,6874.0,Q2,2015,2015-06-30
British Columbia,Q3 2015,19017.0,11834.0,7183.0,Q3,2015,2015-09-30
British Columbia,Q4 2015,11029.0,6751.0,4278.0,Q4,2015,2015-12-31
British Columbia,Q1 2016,15673.0,9734.0,5939.0,Q1,2016,2016-03-31
British Columbia,Q2 2016,22690.0,13517.0,9173.0,Q2,2016,2016-06-30
British Columbia,Q3 2016,17202.0,12445.0,4757.0,Q3,2016,2016-09-30
British Columbia,Q4 2016,9797.0,6077.0,3720.0,Q4,2016,2016-12-31
British Columbia,Q1 2017,14136.0,9845.0,4291.0,Q1,2017,2017-03-31
British Columbia,Q2 2017,21159.0,15093.0,6066.0,Q2,2017,2017-06-30
British Columbia,Q3 2017,14794.0,12066.0,2728.0,Q3,2017,2017-09-30
British Columbia,Q4 2017,9645.0,7434.0,2211.0,Q4,2017,2017-12-31
British Columbia,Q1 2018,13316.0,10579.0,2737.0,Q1,2018,2018-03-31
British Columbia,Q2 2018,22343.0,16030.0,6313.0,Q2,2018,2018-06-30
British Columbia,Q3 2018,13502.0,11630.0,1872.0,Q3,2018,2018-09-30
British Columbia,Q4 2018,10068.0,8274.0,1794.0,Q4,2018,2018-12-31
British Columbia,Q1 2019,12867.0,9339.0,3528.0,Q1,2019,2019-03-31
British Columbia,Q2 2019,21251.0,15120.0,6131.0,Q2,2019,2019-06-30
British Columbia,Q3 2019,15678.0,13359.0,2319.0,Q3,2019,2019-09-30
British Columbia,Q4 2019,10548.0,8261.0,2287.0,Q4,2019,2019-12-31
British Columbia,Q1 2020,15836.0,11961.0,3875.0,Q1,2020,2020-03-31
British Columbia,Q2 2020,22641.0,14123.0,8518.0,Q2,2020,2020-06-30
British Columbia,Q3 2020,11258.0,7992.0,3266.0,Q3,2020,2020-09-30
British Columbia,Q4 2020,9229.0,5578.0,3651.0,Q4,2020,2020-12-31
British Columbia,Q1 2021,16186.0,9194.0,6992.0,Q1,2021,2021-03-31
British Columbia,Q2 2021,26828.0,15361.0,11467.0,Q2,2021,2021-06-30
British Columbia,Q3 2021,20975.0,13097.0,7878.0,Q3,2021,2021-09-30
British Columbia,Q4 2021,13246.0,8536.0,4710.0,Q4,2021,2021-12-31
British Columbia,Q1 2022,17408.0,12386.0,5022.0,Q1,2022,2022-03-31
British Columbia,Q2 2022,32030.0,23571.0,8459.0,Q2,2022,2022-06-30
British Columbia,Q3 2022,15758.0,17896.0,-2138.0,Q3,2022,2022-09-30
British Columbia,Q4 2022,11178.0,11196.0,-18.0,Q4,2022,2022-12-31
British Columbia,Q1 2023,18207.0,16139.0,2068.0,Q1,2023,2023-03-31
British Columbia,Q2 2023,24555.0,21079.0,3476.0,Q2,2023,2023-06-30
British Columbia,Q3 2023,14055.0,17242.0,-3187.0,Q3,2023,2023-09-30
British Columbia,Q4 2023,8860.0,10499.0,-1639.0,Q4,2023,2023-12-31
British Columbia,Q1 2024,15583.0,16354.0,-771.0,Q1,2024,2024-03-31
British Columbia,Q2 2024,23818.0,22348.0,1470.0,Q2,2024,2024-06-30
British Columbia,Q3 2024,12486.0,14662.0,-2176.0,Q3,2024,2024-09-30
British Columbia,Q4 2024,7973.0,8633.0,-660.0,Q4,2024,2024-12-31
British Columbia,Q1 2025,12930.0,14164.0,-1234.0,Q1,2025,2025-03-31
British Columbia,Q2 2025,20846.0,19168.0,1678.0,Q2,2025,2025-06-30
Canada,Q1 2010,62564.0,62564.0,0.0,Q1,2010,2010-03-31
Canada,Q2 2010,74544.0,74544.0,0.0,Q2,2010,2010-06-30
Canada,Q3 2010,76021.0,76021.0,0.0,Q3,2010,2010-09-30
Canada,Q4 2010,50002.0,50002.0,0.0,Q4,2010,2010-12-31
Canada,Q1 2011,58571.0,58571.0,0.0,Q1,2011,2011-03-31
Canada,Q2 2011,72491.0,72491.0,0.0,Q2,2011,2011-06-30
Canada,Q3 2011,89862.0,89862.0,0.0,Q3,2011,2011-09-30
Canada,Q4 2011,55322.0,55322.0,0.0,Q4,2011,2011-12-31
Canada,Q1 2012,69238.0,69238.0,0.0,Q1,2012,2012-03-31
Canada,Q2 2012,90003.0,90003.0,0.0,Q2,2012,2012-06-30
Canada,Q3 2012,85820.0,85820.0,0.0,Q3,2012,2012-09-30
Canada,Q4 2012,47531.0,47531.0,0.0,Q4,2012,2012-12-31
Canada,Q1 2013,62699.0,62699.0,0.0,Q1,2013,2013-03-31
Canada,Q2 2013,96253.0,96253.0,0.0,Q2,2013,2013-06-30
Canada,Q3 2013,81855.0,81855.0,0.0,Q3,2013,2013-09-30
Canada,Q4 2013,52761.0,52761.0,0.0,Q4,2013,2013-12-31
Canada,Q1 2014,67097.0,67097.0,0.0,Q1,2014,2014-03-31
Canada,Q2 2014,102756.0,102756.0,0.0,Q2,2014,2014-06-30
Canada,Q3 2014,79966.0,79966.0,0.0,Q3,2014,2014-09-30
Canada,Q4 2014,51170.0,51170.0,0.0,Q4,2014,2014-12-31
Canada,Q1 2015,74452.0,74452.0,0.0,Q1,2015,2015-03-31
Canada,Q2 2015,108765.0,108765.0,0.0,Q2,2015,2015-06-30
Canada,Q3 2015,87901.0,87901.0,0.0,Q3,2015,2015-09-30
Canada,Q4 2015,47708.0,47708.0,0.0,Q4,2015,2015-12-31
Canada,Q1 2016,70384.0,70384.0,0.0,Q1,2016,2016-03-31
Canada,Q2 2016,98130.0,98130.0,0.0,Q2,2016,2016-06-30
Canada,Q3 2016,83965.0,83965.0,0.0,Q3,2016,2016-09-30
Canada,Q4 2016,43017.0,43017.0,0.0,Q4,2016,2016-12-31
Canada,Q1 2017,67121.0,67121.0,0.0,Q1,2017,2017-03-31
Canada,Q2 2017,95870.0,95870.0,0.0,Q2,2017,2017-06-30
Canada,Q3 2017,74564.0,74564.0,0.0,Q3,2017,2017-09-30
Canada,Q4 2017,47162.0,47162.0,0.0,Q4,2017,2017-12-31
Canada,Q1 2018,65794.0,65794.0,0.0,Q1,2018,2018-03-31
Canada,Q2 2018,100935.0,100935.0,0.0,Q2,2018,2018-06-30
Canada,Q3 2018,71976.0,71976.0,0.0,Q3,2018,2018-09-30
Canada,Q4 2018,49822.0,49822.0,0.0,Q4,2018,2018-12-31
Canada,Q1 2019,61423.0,61423.0,0.0,Q1,2019,2019-03-31
Canada,Q2 2019,97002.0,97002.0,0.0,Q2,2019,2019-06-30
Canada,Q3 2019,85614.0,85614.0,0.0,Q3,2019,2019-09-30
Canada,Q4 2019,52884.0,52884.0,0.0,Q4,2019,2019-12-31
Canada,Q1 2020,77247.0,77247.0,0.0,Q1,2020,2020-03-31
Canada,Q2 2020,94097.0,94097.0,0.0,Q2,2020,2020-06-30
Canada,Q3 2020,57002.0,57002.0,0.0,Q3,2020,2020-09-30
Canada,Q4 2020,40587.0,40587.0,0.0,Q4,2020,2020-12-31
Canada,Q1 2021,69630.0,69630.0,0.0,Q1,2021,2021-03-31
Canada,Q2 2021,108030.0,108030.0,0.0,Q2,2021,2021-06-30
Canada,Q3 2021,95279.0,95279.0,0.0,Q3,2021,2021-09-30
Canada,Q4 2021,59264.0,59264.0,0.0,Q4,2021,2021-12-31
Canada,Q1 2022,83421.0,83421.0,0.0,Q1,2022,2022-03-31
Canada,Q2 2022,145159.0,145159.0,0.0,Q2,2022,2022-06-30
Canada,Q3 2022,99721.0,99721.0,0.0,Q3,2022,2022-09-30
Canada,Q4 2022,63151.0,63151.0,0.0,Q4,2022,2022-12-31
Canada,Q1 2023,96160.0,96160.0,0.0,Q1,2023,2023-03-31
Canada,Q2 2023,121205.0,121205.0,0.0,Q2,2023,2023-06-30
Canada,Q3 2023,96900.0,96900.0,0.0,Q3,2023,2023-09-30
Canada,Q4 2023,57879.0,57879.0,0.0,Q4,2023,2023-12-31
Canada,Q1 2024,94758.0,94758.0,0.0,Q1,2024,2024-03-31
Canada,Q2 2024,123986.0,123986.0,0.0,Q2,2024,2024-06-30
Canada,Q3 2024,80146.0,80146.0,0.0,Q3,2024,2024-09-30
Canada,Q4 2024,46800.0,46800.0,0.0,Q4,2024,2024-12-31
Canada,Q1 2025,81108.0,81108.0,0.0,Q1,2025,2025-03-31
Canada,Q2 2025,110188.0,110188.0,0.0,Q2,2025,2025-06-30
Manitoba,Q1 2010,3088.0,3312.0,-224.0,Q1,2010,2010-03-31
Manitoba,Q2 2010,3368.0,4122.0,-754.0,Q2,2010,2010-06-30
Manitoba,Q3 2010,3112.0,4367.0,-1255.0,Q3,2010,2010-09-30
Manitoba,Q4 2010,2367.0,2724.0,-357.0,Q4,2010,2010-12-31
Manitoba,Q1 2011,2713.0,3628.0,-915.0,Q1,2011,2011-03-31
Manitoba,Q2 2011,2893.0,3883.0,-990.0,Q2,2011,2011-06-30
Manitoba,Q3 2011,3637.0,5111.0,-1474.0,Q3,2011,2011-09-30
Manitoba,Q4 2011,2267.0,3059.0,-792.0,Q4,2011,2011-12-31
Manitoba,Q1 2012,2801.0,3583.0,-782.0,Q1,2012,2012-03-31
Manitoba,Q2 2012,3932.0,5096.0,-1164.0,Q2,2012,2012-06-30
Manitoba,Q3 2012,3389.0,4743.0,-1354.0,Q3,2012,2012-09-30
Manitoba,Q4 2012,1975.0,2603.0,-628.0,Q4,2012,2012-12-31
Manitoba,Q1 2013,2663.0,3694.0,-1031.0,Q1,2013,2013-03-31
Manitoba,Q2 2013,3488.0,5481.0,-1993.0,Q2,2013,2013-06-30
Manitoba,Q3 2013,3035.0,4745.0,-1710.0,Q3,2013,2013-09-30
Manitoba,Q4 2013,1782.0,3194.0,-1412.0,Q4,2013,2013-12-31
Manitoba,Q1 2014,2367.0,4013.0,-1646.0,Q1,2014,2014-03-31
Manitoba,Q2 2014,3551.0,5634.0,-2083.0,Q2,2014,2014-06-30
Manitoba,Q3 2014,2651.0,4785.0,-2134.0,Q3,2014,2014-09-30
Manitoba,Q4 2014,1726.0,2747.0,-1021.0,Q4,2014,2014-12-31
Manitoba,Q1 2015,2922.0,4660.0,-1738.0,Q1,2015,2015-03-31
Manitoba,Q2 2015,4364.0,6149.0,-1785.0,Q2,2015,2015-06-30
Manitoba,Q3 2015,3523.0,5166.0,-1643.0,Q3,2015,2015-09-30
Manitoba,Q4 2015,1965.0,2658.0,-693.0,Q4,2015,2015-12-31
Manitoba,Q1 2016,3166.0,4054.0,-888.0,Q1,2016,2016-03-31
Manitoba,Q2 2016,3824.0,5481.0,-1657.0,Q2,2016,2016-06-30
Manitoba,Q3 2016,2909.0,5204.0,-2295.0,Q3,2016,2016-09-30
Manitoba,Q4 2016,1920.0,2498.0,-578.0,Q4,2016,2016-12-31
Manitoba,Q1 2017,2993.0,3876.0,-883.0,Q1,2017,2017-03-31
Manitoba,Q2 2017,3991.0,5359.0,-1368.0,Q2,2017,2017-06-30
Manitoba,Q3 2017,2880.0,4833.0,-1953.0,Q3,2017,2017-09-30
Manitoba,Q4 2017,1522.0,2870.0,-1348.0,Q4,2017,2017-12-31
Manitoba,Q1 2018,2448.0,4227.0,-1779.0,Q1,2018,2018-03-31
Manitoba,Q2 2018,3906.0,5974.0,-2068.0,Q2,2018,2018-06-30
Manitoba,Q3 2018,2582.0,4814.0,-2232.0,Q3,2018,2018-09-30
Manitoba,Q4 2018,1870.0,3287.0,-1417.0,Q4,2018,2018-12-31
Manitoba,Q1 2019,2626.0,4120.0,-1494.0,Q1,2019,2019-03-31
Manitoba,Q2 2019,3594.0,5802.0,-2208.0,Q2,2019,2019-06-30
Manitoba,Q3 2019,2806.0,6049.0,-3243.0,Q3,2019,2019-09-30
Manitoba,Q4 2019,1752.0,3503.0,-1751.0,Q4,2019,2019-12-31
Manitoba,Q1 2020,3188.0,4818.0,-1630.0,Q1,2020,2020-03-31
Manitoba,Q2 2020,3626.0,5299.0,-1673.0,Q2,2020,2020-06-30
Manitoba,Q3 2020,3041.0,3439.0,-398.0,Q3,2020,2020-09-30
Manitoba,Q4 2020,1887.0,2769.0,-882.0,Q4,2020,2020-12-31
Manitoba,Q1 2021,3853.0,4346.0,-493.0,Q1,2021,2021-03-31
Manitoba,Q2 2021,5396.0,6427.0,-1031.0,Q2,2021,2021-06-30
Manitoba,Q3 2021,4042.0,6742.0,-2700.0,Q3,2021,2021-09-30
Manitoba,Q4 2021,2303.0,4360.0,-2057.0,Q4,2021,2021-12-31
Manitoba,Q1 2022,4070.0,4958.0,-888.0,Q1,2022,2022-03-31
Manitoba,Q2 2022,6662.0,8468.0,-1806.0,Q2,2022,2022-06-30
Manitoba,Q3 2022,4052.0,6821.0,-2769.0,Q3,2022,2022-09-30
Manitoba,Q4 2022,2242.0,4397.0,-2155.0,Q4,2022,2022-12-31
Manitoba,Q1 2023,4090.0,6411.0,-2321.0,Q1,2023,2023-03-31
Manitoba,Q2 2023,4793.0,7476.0,-2683.0,Q2,2023,2023-06-30
Manitoba,Q3 2023,3214.0,6624.0,-3410.0,Q3,2023,2023-09-30
Manitoba,Q4 2023,2128.0,3866.0,-1738.0,Q4,2023,2023-12-31
Manitoba,Q1 2024,3967.0,5376.0,-1409.0,Q1,2024,2024-03-31
Manitoba,Q2 2024,4980.0,6822.0,-1842.0,Q2,2024,2024-06-30
Manitoba,Q3 2024,3233.0,5128.0,-1895.0,Q3,2024,2024-09-30
Manitoba,Q4 2024,1791.0,2604.0,-813.0,Q4,2024,2024-12-31
Manitoba,Q1 2025,3993.0,4382.0,-389.0,Q1,2025,2025-03-31
Manitoba,Q2 2025,5150.0,6100.0,-950.0,Q2,2025,2025-06-30
New Brunswick,Q1 2010,2819.0,2576.0,243.0,Q1,2010,2010-03-31
New Brunswick,Q2 2010,2763.0,2560.0,203.0,Q2,2010,2010-06-30
New Brunswick,Q3 2010,3110.0,3210.0,-100.0,Q3,2010,2010-09-30
New Brunswick,Q4 2010,1930.0,1781.0,149.0,Q4,2010,2010-12-31
New Brunswick,Q1 2011,2353.0,2527.0,-174.0,Q1,2011,2011-03-31
New Brunswick,Q2 2011,2774.0,2807.0,-33.0,Q2,2011,2011-06-30
New Brunswick,Q3 2011,3376.0,4093.0,-717.0,Q3,2011,2011-09-30
New Brunswick,Q4 2011,2097.0,2190.0,-93.0,Q4,2011,2011-12-31
New Brunswick,Q1 2012,2396.0,3188.0,-792.0,Q1,2012,2012-03-31
New Brunswick,Q2 2012,2974.0,3178.0,-204.0,Q2,2012,2012-06-30
New Brunswick,Q3 2012,2929.0,4033.0,-1104.0,Q3,2012,2012-09-30
New Brunswick,Q4 2012,1377.0,2346.0,-969.0,Q4,2012,2012-12-31
New Brunswick,Q1 2013,2315.0,2918.0,-603.0,Q1,2013,2013-03-31
New Brunswick,Q2 2013,3147.0,3761.0,-614.0,Q2,2013,2013-06-30
New Brunswick,Q3 2013,2741.0,4070.0,-1329.0,Q3,2013,2013-09-30
New Brunswick,Q4 2013,1842.0,2136.0,-294.0,Q4,2013,2013-12-31
New Brunswick,Q1 2014,2328.0,2962.0,-634.0,Q1,2014,2014-03-31
New Brunswick,Q2 2014,3240.0,4500.0,-1260.0,Q2,2014,2014-06-30
New Brunswick,Q3 2014,2570.0,3658.0,-1088.0,Q3,2014,2014-09-30
New Brunswick,Q4 2014,1681.0,1939.0,-258.0,Q4,2014,2014-12-31
New Brunswick,Q1 2015,2801.0,3341.0,-540.0,Q1,2015,2015-03-31
New Brunswick,Q2 2015,3271.0,4175.0,-904.0,Q2,2015,2015-06-30
New Brunswick,Q3 2015,3120.0,3723.0,-603.0,Q3,2015,2015-09-30
New Brunswick,Q4 2015,1749.0,1677.0,72.0,Q4,2015,2015-12-31
New Brunswick,Q1 2016,2872.0,2823.0,49.0,Q1,2016,2016-03-31
New Brunswick,Q2 2016,3237.0,3868.0,-631.0,Q2,2016,2016-06-30
New Brunswick,Q3 2016,3367.0,3304.0,63.0,Q3,2016,2016-09-30
New Brunswick,Q4 2016,1383.0,1594.0,-211.0,Q4,2016,2016-12-31
New Brunswick,Q1 2017,2870.0,2645.0,225.0,Q1,2017,2017-03-31
New Brunswick,Q2 2017,3383.0,3026.0,357.0,Q2,2017,2017-06-30
New Brunswick,Q3 2017,2939.0,3138.0,-199.0,Q3,2017,2017-09-30
New Brunswick,Q4 2017,1761.0,1622.0,139.0,Q4,2017,2017-12-31
New Brunswick,Q1 2018,3018.0,2596.0,422.0,Q1,2018,2018-03-31
New Brunswick,Q2 2018,4181.0,4062.0,119.0,Q2,2018,2018-06-30
New Brunswick,Q3 2018,2960.0,3063.0,-103.0,Q3,2018,2018-09-30
New Brunswick,Q4 2018,1987.0,1893.0,94.0,Q4,2018,2018-12-31
New Brunswick,Q1 2019,2831.0,2127.0,704.0,Q1,2019,2019-03-31
New Brunswick,Q2 2019,3977.0,3003.0,974.0,Q2,2019,2019-06-30
New Brunswick,Q3 2019,3655.0,3186.0,469.0,Q3,2019,2019-09-30
New Brunswick,Q4 2019,2034.0,2109.0,-75.0,Q4,2019,2019-12-31
New Brunswick,Q1 2020,3443.0,2548.0,895.0,Q1,2020,2020-03-31
New Brunswick,Q2 2020,3701.0,3164.0,537.0,Q2,2020,2020-06-30
New Brunswick,Q3 2020,2382.0,2034.0,348.0,Q3,2020,2020-09-30
New Brunswick,Q4 2020,1858.0,1217.0,641.0,Q4,2020,2020-12-31
New Brunswick,Q1 2021,3487.0,2191.0,1296.0,Q1,2021,2021-03-31
New Brunswick,Q2 2021,5290.0,2985.0,2305.0,Q2,2021,2021-06-30
New Brunswick,Q3 2021,4583.0,3217.0,1366.0,Q3,2021,2021-09-30
New Brunswick,Q4 2021,3121.0,1675.0,1446.0,Q4,2021,2021-12-31
New Brunswick,Q1 2022,4619.0,2820.0,1799.0,Q1,2022,2022-03-31
New Brunswick,Q2 2022,7400.0,4114.0,3286.0,Q2,2022,2022-06-30
New Brunswick,Q3 2022,4784.0,3786.0,998.0,Q3,2022,2022-09-30
New Brunswick,Q4 2022,2665.0,1934.0,731.0,Q4,2022,2022-12-31
New Brunswick,Q1 2023,4724.0,3317.0,1407.0,Q1,2023,2023-03-31
New Brunswick,Q2 2023,5313.0,3398.0,1915.0,Q2,2023,2023-06-30
New Brunswick,Q3 2023,4712.0,3805.0,907.0,Q3,2023,2023-09-30
New Brunswick,Q4 2023,3048.0,2264.0,784.0,Q4,2023,2023-12-31
New Brunswick,Q1 2024,5075.0,2783.0,2292.0,Q1,2024,2024-03-31
New Brunswick,Q2 2024,5362.0,3926.0,1436.0,Q2,2024,2024-06-30
New Brunswick,Q3 2024,3199.0,4350.0,-1151.0,Q3,2024,2024-09-30
New Brunswick,Q4 2024,2307.0,1972.0,335.0,Q4,2024,2024-12-31
New Brunswick,Q1 2025,3877.0,3787.0,90.0,Q1,2025,2025-03-31
New Brunswick,Q2 2025,4442.0,3902.0,540.0,Q2,2025,2025-06-30
Newfoundland and Labrador,Q1 2010,2392.0,2154.0,238.0,Q1,2010,2010-03-31
Newfoundland and Labrador,Q2 2010,2108.0,2246.0,-138.0,Q2,2010,2010-06-30
Newfoundland and Labrador,Q3 2010,1904.0,2208.0,-304.0,Q3,2010,2010-09-30
Newfoundland and Labrador,Q4 2010,1698.0,1345.0,353.0,Q4,2010,2010-12-31
Newfoundland and Labrador,Q1 2011,2012.0,2081.0,-69.0,Q1,2011,2011-03-31
Newfoundland and Labrador,Q2 2011,2171.0,2121.0,50.0,Q2,2011,2011-06-30
Newfoundland and Labrador,Q3 2011,2719.0,2172.0,547.0,Q3,2011,2011-09-30
Newfoundland and Labrador,Q4 2011,1517.0,1294.0,223.0,Q4,2011,2011-12-31
Newfoundland and Labrador,Q1 2012,2288.0,2763.0,-475.0,Q1,2012,2012-03-31
Newfoundland and Labrador,Q2 2012,2762.0,2512.0,250.0,Q2,2012,2012-06-30
Newfoundland and Labrador,Q3 2012,2204.0,1923.0,281.0,Q3,2012,2012-09-30
Newfoundland and Labrador,Q4 2012,1319.0,1140.0,179.0,Q4,2012,2012-12-31
Newfoundland and Labrador,Q1 2013,2162.0,1860.0,302.0,Q1,2013,2013-03-31
Newfoundland and Labrador,Q2 2013,2580.0,2847.0,-267.0,Q2,2013,2013-06-30
Newfoundland and Labrador,Q3 2013,1805.0,1860.0,-55.0,Q3,2013,2013-09-30
Newfoundland and Labrador,Q4 2013,1220.0,978.0,242.0,Q4,2013,2013-12-31
Newfoundland and Labrador,Q1 2014,1839.0,2098.0,-259.0,Q1,2014,2014-03-31
Newfoundland and Labrador,Q2 2014,2923.0,2617.0,306.0,Q2,2014,2014-06-30
Newfoundland and Labrador,Q3 2014,1619.0,1866.0,-247.0,Q3,2014,2014-09-30
Newfoundland and Labrador,Q4 2014,1155.0,1001.0,154.0,Q4,2014,2014-12-31
Newfoundland and Labrador,Q1 2015,2241.0,1993.0,248.0,Q1,2015,2015-03-31
Newfoundland and Labrador,Q2 2015,2772.0,2766.0,6.0,Q2,2015,2015-06-30
Newfoundland and Labrador,Q3 2015,1871.0,1811.0,60.0,Q3,2015,2015-09-30
Newfoundland and Labrador,Q4 2015,1091.0,1036.0,55.0,Q4,2015,2015-12-31
Newfoundland and Labrador,Q1 2016,2102.0,1942.0,160.0,Q1,2016,2016-03-31
Newfoundland and Labrador,Q2 2016,2397.0,2440.0,-43.0,Q2,2016,2016-06-30
Newfoundland and Labrador,Q3 2016,1445.0,1965.0,-520.0,Q3,2016,2016-09-30
Newfoundland and Labrador,Q4 2016,883.0,946.0,-63.0,Q4,2016,2016-12-31
Newfoundland and Labrador,Q1 2017,1584.0,2054.0,-470.0,Q1,2017,2017-03-31
Newfoundland and Labrador,Q2 2017,2251.0,2628.0,-377.0,Q2,2017,2017-06-30
Newfoundland and Labrador,Q3 2017,1422.0,2187.0,-765.0,Q3,2017,2017-09-30
Newfoundland and Labrador,Q4 2017,934.0,1184.0,-250.0,Q4,2017,2017-12-31
Newfoundland and Labrador,Q1 2018,1398.0,2169.0,-771.0,Q1,2018,2018-03-31
Newfoundland and Labrador,Q2 2018,2146.0,3093.0,-947.0,Q2,2018,2018-06-30
Newfoundland and Labrador,Q3 2018,1312.0,1868.0,-556.0,Q3,2018,2018-09-30
Newfoundland and Labrador,Q4 2018,837.0,1522.0,-685.0,Q4,2018,2018-12-31
Newfoundland and Labrador,Q1 2019,1429.0,1964.0,-535.0,Q1,2019,2019-03-31
Newfoundland and Labrador,Q2 2019,1966.0,2787.0,-821.0,Q2,2019,2019-06-30
Newfoundland and Labrador,Q3 2019,1732.0,2253.0,-521.0,Q3,2019,2019-09-30
Newfoundland and Labrador,Q4 2019,862.0,1170.0,-308.0,Q4,2019,2019-12-31
Newfoundland and Labrador,Q1 2020,1715.0,2179.0,-464.0,Q1,2020,2020-03-31
Newfoundland and Labrador,Q2 2020,1769.0,2492.0,-723.0,Q2,2020,2020-06-30
Newfoundland and Labrador,Q3 2020,1149.0,1482.0,-333.0,Q3,2020,2020-09-30
Newfoundland and Labrador,Q4 2020,809.0,769.0,40.0,Q4,2020,2020-12-31
Newfoundland and Labrador,Q1 2021,1392.0,1207.0,185.0,Q1,2021,2021-03-31
Newfoundland and Labrador,Q2 2021,2730.0,2095.0,635.0,Q2,2021,2021-06-30
Newfoundland and Labrador,Q3 2021,1779.0,1681.0,98.0,Q3,2021,2021-09-30
Newfoundland and Labrador,Q4 2021,1402.0,882.0,520.0,Q4,2021,2021-12-31
Newfoundland and Labrador,Q1 2022,2203.0,1866.0,337.0,Q1,2022,2022-03-31
Newfoundland and Labrador,Q2 2022,3413.0,2566.0,847.0,Q2,2022,2022-06-30
Newfoundland and Labrador,Q3 2022,1866.0,1770.0,96.0,Q3,2022,2022-09-30
Newfoundland and Labrador,Q4 2022,1550.0,1068.0,482.0,Q4,2022,2022-12-31
Newfoundland and Labrador,Q1 2023,2265.0,2121.0,144.0,Q1,2023,2023-03-31
Newfoundland and Labrador,Q2 2023,2552.0,2214.0,338.0,Q2,2023,2023-06-30
Newfoundland and Labrador,Q3 2023,1983.0,1765.0,218.0,Q3,2023,2023-09-30
Newfoundland and Labrador,Q4 2023,1034.0,970.0,64.0,Q4,2023,2023-12-31
Newfoundland and Labrador,Q1 2024,2187.0,1799.0,388.0,Q1,2024,2024-03-31
Newfoundland and Labrador,Q2 2024,2838.0,2417.0,421.0,Q2,2024,2024-06-30
Newfoundland and Labrador,Q3 2024,1485.0,1872.0,-387.0,Q3,2024,2024-09-30
Newfoundland and Labrador,Q4 2024,828.0,794.0,34.0,Q4,2024,2024-12-31
Newfoundland and Labrador,Q1 2025,1774.0,1626.0,148.0,Q1,2025,2025-03-31
Newfoundland and Labrador,Q2 2025,2367.0,2097.0,270.0,Q2,2025,2025-06-30
Northwest Territories,Q1 2010,653.0,600.0,53.0,Q1,2010,2010-03-31
Northwest Territories,Q2 2010,579.0,573.0,6.0,Q2,2010,2010-06-30
Northwest Territories,Q3 2010,345.0,439.0,-94.0,Q3,2010,2010-09-30
Northwest Territories,Q4 2010,313.0,448.0,-135.0,Q4,2010,2010-12-31
Northwest Territories,Q1 2011,549.0,665.0,-116.0,Q1,2011,2011-03-31
Northwest Territories,Q2 2011,783.0,617.0,166.0,Q2,2011,2011-06-30
Northwest Territories,Q3 2011,475.0,551.0,-76.0,Q3,2011,2011-09-30
Northwest Territories,Q4 2011,362.0,441.0,-79.0,Q4,2011,2011-12-31
Northwest Territories,Q1 2012,538.0,667.0,-129.0,Q1,2012,2012-03-31
Northwest Territories,Q2 2012,608.0,820.0,-212.0,Q2,2012,2012-06-30
Northwest Territories,Q3 2012,457.0,562.0,-105.0,Q3,2012,2012-09-30
Northwest Territories,Q4 2012,261.0,345.0,-84.0,Q4,2012,2012-12-31
Northwest Territories,Q1 2013,660.0,701.0,-41.0,Q1,2013,2013-03-31
Northwest Territories,Q2 2013,613.0,865.0,-252.0,Q2,2013,2013-06-30
Northwest Territories,Q3 2013,312.0,539.0,-227.0,Q3,2013,2013-09-30
Northwest Territories,Q4 2013,286.0,369.0,-83.0,Q4,2013,2013-12-31
Northwest Territories,Q1 2014,666.0,806.0,-140.0,Q1,2014,2014-03-31
Northwest Territories,Q2 2014,835.0,873.0,-38.0,Q2,2014,2014-06-30
Northwest Territories,Q3 2014,463.0,431.0,32.0,Q3,2014,2014-09-30
Northwest Territories,Q4 2014,295.0,342.0,-47.0,Q4,2014,2014-12-31
Northwest Territories,Q1 2015,565.0,636.0,-71.0,Q1,2015,2015-03-31
Northwest Territories,Q2 2015,594.0,731.0,-137.0,Q2,2015,2015-06-30
Northwest Territories,Q3 2015,581.0,576.0,5.0,Q3,2015,2015-09-30
Northwest Territories,Q4 2015,307.0,379.0,-72.0,Q4,2015,2015-12-31
Northwest Territories,Q1 2016,555.0,601.0,-46.0,Q1,2016,2016-03-31
Northwest Territories,Q2 2016,641.0,778.0,-137.0,Q2,2016,2016-06-30
Northwest Territories,Q3 2016,398.0,656.0,-258.0,Q3,2016,2016-09-30
Northwest Territories,Q4 2016,200.0,265.0,-65.0,Q4,2016,2016-12-31
Northwest Territories,Q1 2017,708.0,669.0,39.0,Q1,2017,2017-03-31
Northwest Territories,Q2 2017,658.0,749.0,-91.0,Q2,2017,2017-06-30
Northwest Territories,Q3 2017,519.0,449.0,70.0,Q3,2017,2017-09-30
Northwest Territories,Q4 2017,166.0,319.0,-153.0,Q4,2017,2017-12-31
Northwest Territories,Q1 2018,591.0,507.0,84.0,Q1,2018,2018-03-31
Northwest Territories,Q2 2018,562.0,992.0,-430.0,Q2,2018,2018-06-30
Northwest Territories,Q3 2018,436.0,569.0,-133.0,Q3,2018,2018-09-30
Northwest Territories,Q4 2018,425.0,337.0,88.0,Q4,2018,2018-12-31
Northwest Territories,Q1 2019,392.0,616.0,-224.0,Q1,2019,2019-03-31
Northwest Territories,Q2 2019,557.0,757.0,-200.0,Q2,2019,2019-06-30
Northwest Territories,Q3 2019,474.0,481.0,-7.0,Q3,2019,2019-09-30
Northwest Territories,Q4 2019,282.0,361.0,-79.0,Q4,2019,2019-12-31
Northwest Territories,Q1 2020,630.0,665.0,-35.0,Q1,2020,2020-03-31
Northwest Territories,Q2 2020,542.0,590.0,-48.0,Q2,2020,2020-06-30
Northwest Territories,Q3 2020,207.0,344.0,-137.0,Q3,2020,2020-09-30
Northwest Territories,Q4 2020,242.0,256.0,-14.0,Q4,2020,2020-12-31
Northwest Territories,Q1 2021,664.0,480.0,184.0,Q1,2021,2021-03-31
Northwest Territories,Q2 2021,566.0,775.0,-209.0,Q2,2021,2021-06-30
Northwest Territories,Q3 2021,463.0,565.0,-102.0,Q3,2021,2021-09-30
Northwest Territories,Q4 2021,308.0,259.0,49.0,Q4,2021,2021-12-31
Northwest Territories,Q1 2022,505.0,616.0,-111.0,Q1,2022,2022-03-31
Northwest Territories,Q2 2022,696.0,971.0,-275.0,Q2,2022,2022-06-30
Northwest Territories,Q3 2022,323.0,488.0,-165.0,Q3,2022,2022-09-30
Northwest Territories,Q4 2022,187.0,460.0,-273.0,Q4,2022,2022-12-31
Northwest Territories,Q1 2023,723.0,890.0,-167.0,Q1,2023,2023-03-31
Northwest Territories,Q2 2023,610.0,589.0,21.0,Q2,2023,2023-06-30
Northwest Territories,Q3 2023,320.0,554.0,-234.0,Q3,2023,2023-09-30
Northwest Territories,Q4 2023,195.0,307.0,-112.0,Q4,2023,2023-12-31
Northwest Territories,Q1 2024,786.0,680.0,106.0,Q1,2024,2024-03-31
Northwest Territories,Q2 2024,627.0,608.0,19.0,Q2,2024,2024-06-30
Northwest Territories,Q3 2024,537.0,487.0,50.0,Q3,2024,2024-09-30
Northwest Territories,Q4 2024,248.0,276.0,-28.0,Q4,2024,2024-12-31
Northwest Territories,Q1 2025,579.0,559.0,20.0,Q1,2025,2025-03-31
Northwest Territories,Q2 2025,653.0,705.0,-52.0,Q2,2025,2025-06-30
Northwest Territories including Nunavut (Terminated),Q1 2010,,,,Q1,2010,2010-03-31
Northwest Territories including Nunavut (Terminated),Q2 2010,,,,Q2,2010,2010-06-30
Northwest Territories including Nunavut (Terminated),Q3 2010,,,,Q3,2010,2010-09-30
Northwest Territories including Nunavut (Terminated),Q4 2010,,,,Q4,2010,2010-12-31
Northwest Territories including Nunavut (Terminated),Q1 2011,,,,Q1,2011,2011-03-31
Northwest Territories including Nunavut (Terminated),Q2 2011,,,,Q2,2011,2011-06-30
Northwest Territories including Nunavut (Terminated),Q3 2011,,,,Q3,2011,2011-09-30
Northwest Territories including Nunavut (Terminated),Q4 2011,,,,Q4,2011,2011-12-31
Northwest Territories including Nunavut (Terminated),Q1 2012,,,,Q1,2012,2012-03-31
Northwest Territories including Nunavut (Terminated),Q2 2012,,,,Q2,2012,2012-06-30
Northwest Territories including Nunavut (Terminated),Q3 2012,,,,Q3,2012,2012-09-30
Northwest Territories including Nunavut (Terminated),Q4 2012,,,,Q4,2012,2012-12-31
Northwest Territories including Nunavut (Terminated),Q1 2013,,,,Q1,2013,2013-03-31
Northwest Territories including Nunavut (Terminated),Q2 2013,,,,Q2,2013,2013-06-30
Northwest Territories including Nunavut (Terminated),Q3 2013,,,,Q3,2013,2013-09-30
Northwest Territories including Nunavut (Terminated),Q4 2013,,,,Q4,2013,2013-12-31
Northwest Territories including Nunavut (Terminated),Q1 2014,,,,Q1,2014,2014-03-31
Northwest Territories including Nunavut (Terminated),Q2 2014,,,,Q2,2014,2014-06-30
Northwest Territories including Nunavut (Terminated),Q3 2014,,,,Q3,2014,2014-09-30
Northwest Territories including Nunavut (Terminated),Q4 2014,,,,Q4,2014,2014-12-31
Northwest Territories including Nunavut (Terminated),Q1 2015,,,,Q1,2015,2015-03-31
Northwest Territories including Nunavut (Terminated),Q2 2015,,,,Q2,2015,2015-06-30
Northwest Territories including Nunavut (Terminated),Q3 2015,,,,Q3,2015,2015-09-30
Northwest Territories including Nunavut (Terminated),Q4 2015,,,,Q4,2015,2015-12-31
Northwest Territories including Nunavut (Terminated),Q1 2016,,,,Q1,2016,2016-03-31
Northwest Territories including Nunavut (Terminated),Q2 2016,,,,Q2,2016,2016-06-30
Northwest Territories including Nunavut (Terminated),Q3 2016,,,,Q3,2016,2016-09-30
Northwest Territories including Nunavut (Terminated),Q4 2016,,,,Q4,2016,2016-12-31
Northwest Territories including Nunavut (Terminated),Q1 2017,,,,Q1,2017,2017-03-31
Northwest Territories including Nunavut (Terminated),Q2 2017,,,,Q2,2017,2017-06-30
Northwest Territories including Nunavut (Terminated),Q3 2017,,,,Q3,2017,2017-09-30
Northwest Territories including Nunavut (Terminated),Q4 2017,,,,Q4,2017,2017-12-31
Northwest Territories including Nunavut (Terminated),Q1 2018,,,,Q1,2018,2018-03-31
Northwest Territories including Nunavut (Terminated),Q2 2018,,,,Q2,2018,2018-06-30
Northwest Territories including Nunavut (Terminated),Q3 2018,,,,Q3,2018,2018-09-30
Northwest Territories including Nunavut (Terminated),Q4 2018,,,,Q4,2018,2018-12-31
Northwest Territories including Nunavut (Terminated),Q1 2019,,,,Q1,2019,2019-03-31
Northwest Territories including Nunavut (Terminated),Q2 2019,,,,Q2,2019,2019-06-30
Northwest Territories including Nunavut (Terminated),Q3 2019,,,,Q3,2019,2019-09-30
Northwest Territories including Nunavut (Terminated),Q4 2019,,,,Q4,2019,2019-12-31
Northwest Territories including Nunavut (Terminated),Q1 2020,,,,Q1,2020,2020-03-31
Northwest Territories including Nunavut (Terminated),Q2 2020,,,,Q2,2020,2020-06-30
Northwest Territories including Nunavut (Terminated),Q3 2020,,,,Q3,2020,2020-09-30
Northwest Territories including Nunavut (Terminated),Q4 2020,,,,Q4,2020,2020-12-31
Northwest Territories including Nunavut (Terminated),Q1 2021,,,,Q1,2021,2021-03-31
Northwest Territories including Nunavut (Terminated),Q2 2021,,,,Q2,2021,2021-06-30
Northwest Territories including Nunavut (Terminated),Q3 2021,,,,Q3,2021,2021-09-30
Northwest Territories including Nunavut (Terminated),Q4 2021,,,,Q4,2021,2021-12-31
Northwest Territories including Nunavut (Terminated),Q1 2022,,,,Q1,2022,2022-03-31
Northwest Territories including Nunavut (Terminated),Q2 2022,,,,Q2,2022,2022-06-30
Northwest Territories including Nunavut (Terminated),Q3 2022,,,,Q3,2022,2022-09-30
Northwest Territories including Nunavut (Terminated),Q4 2022,,,,Q4,2022,2022-12-31
Northwest Territories including Nunavut (Terminated),Q1 2023,,,,Q1,2023,2023-03-31
Northwest Territories including Nunavut (Terminated),Q2 2023,,,,Q2,2023,2023-06-30
Northwest Territories including Nunavut (Terminated),Q3 2023,,,,Q3,2023,2023-09-30
Northwest Territories including Nunavut (Terminated),Q4 2023,,,,Q4,2023,2023-12-31
Northwest Territories including Nunavut (Terminated),Q1 2024,,,,Q1,2024,2024-03-31
Northwest Territories including Nunavut (Terminated),Q2 2024,,,,Q2,2024,2024-06-30
Northwest Territories including Nunavut (Terminated),Q3 2024,,,,Q3,2024,2024-09-30
Northwest Territories including Nunavut (Terminated),Q4 2024,,,,Q4,2024,2024-12-31
Northwest Territories including Nunavut (Terminated),Q1 2025,,,,Q1,2025,2025-03-31
Northwest Territories including Nunavut (Terminated),Q2 2025,,,,Q2,2025,2025-06-30
Nova Scotia,Q1 2010,3852.0,4226.0,-374.0,Q1,2010,2010-03-31
Nova Scotia,Q2 2010,4072.0,3798.0,274.0,Q2,2010,2010-06-30
Nova Scotia,Q3 2010,4678.0,4591.0,87.0,Q3,2010,2010-09-30
Nova Scotia,Q4 2010,2755.0,2671.0,84.0,Q4,2010,2010-12-31
Nova Scotia,Q1 2011,3243.0,3434.0,-191.0,Q1,2011,2011-03-31
Nova Scotia,Q2 2011,3877.0,3898.0,-21.0,Q2,2011,2011-06-30
Nova Scotia,Q3 2011,4802.0,5264.0,-462.0,Q3,2011,2011-09-30
Nova Scotia,Q4 2011,2831.0,3805.0,-974.0,Q4,2011,2011-12-31
Nova Scotia,Q1 2012,3991.0,4839.0,-848.0,Q1,2012,2012-03-31
Nova Scotia,Q2 2012,4372.0,4954.0,-582.0,Q2,2012,2012-06-30
Nova Scotia,Q3 2012,4242.0,5401.0,-1159.0,Q3,2012,2012-09-30
Nova Scotia,Q4 2012,2390.0,3043.0,-653.0,Q4,2012,2012-12-31
Nova Scotia,Q1 2013,2978.0,3999.0,-1021.0,Q1,2013,2013-03-31
Nova Scotia,Q2 2013,4642.0,5326.0,-684.0,Q2,2013,2013-06-30
Nova Scotia,Q3 2013,3567.0,4881.0,-1314.0,Q3,2013,2013-09-30
Nova Scotia,Q4 2013,2500.0,2399.0,101.0,Q4,2013,2013-12-31
Nova Scotia,Q1 2014,3259.0,4227.0,-968.0,Q1,2014,2014-03-31
Nova Scotia,Q2 2014,5229.0,5619.0,-390.0,Q2,2014,2014-06-30
Nova Scotia,Q3 2014,3927.0,4461.0,-534.0,Q3,2014,2014-09-30
Nova Scotia,Q4 2014,2153.0,2499.0,-346.0,Q4,2014,2014-12-31
Nova Scotia,Q1 2015,3453.0,4782.0,-1329.0,Q1,2015,2015-03-31
Nova Scotia,Q2 2015,5948.0,6050.0,-102.0,Q2,2015,2015-06-30
Nova Scotia,Q3 2015,4564.0,4701.0,-137.0,Q3,2015,2015-09-30
Nova Scotia,Q4 2015,2660.0,2225.0,435.0,Q4,2015,2015-12-31
Nova Scotia,Q1 2016,4019.0,3967.0,52.0,Q1,2016,2016-03-31
Nova Scotia,Q2 2016,5440.0,5036.0,404.0,Q2,2016,2016-06-30
Nova Scotia,Q3 2016,4779.0,4214.0,565.0,Q3,2016,2016-09-30
Nova Scotia,Q4 2016,2136.0,1881.0,255.0,Q4,2016,2016-12-31
Nova Scotia,Q1 2017,4241.0,3263.0,978.0,Q1,2017,2017-03-31
Nova Scotia,Q2 2017,5618.0,4577.0,1041.0,Q2,2017,2017-06-30
Nova Scotia,Q3 2017,4512.0,3507.0,1005.0,Q3,2017,2017-09-30
Nova Scotia,Q4 2017,2657.0,2203.0,454.0,Q4,2017,2017-12-31
Nova Scotia,Q1 2018,3767.0,3458.0,309.0,Q1,2018,2018-03-31
Nova Scotia,Q2 2018,5816.0,4536.0,1280.0,Q2,2018,2018-06-30
Nova Scotia,Q3 2018,4414.0,3402.0,1012.0,Q3,2018,2018-09-30
Nova Scotia,Q4 2018,2627.0,1882.0,745.0,Q4,2018,2018-12-31
Nova Scotia,Q1 2019,3903.0,3355.0,548.0,Q1,2019,2019-03-31
Nova Scotia,Q2 2019,6040.0,4713.0,1327.0,Q2,2019,2019-06-30
Nova Scotia,Q3 2019,5640.0,3761.0,1879.0,Q3,2019,2019-09-30
Nova Scotia,Q4 2019,3205.0,2397.0,808.0,Q4,2019,2019-12-31
Nova Scotia,Q1 2020,5247.0,4258.0,989.0,Q1,2020,2020-03-31
Nova Scotia,Q2 2020,5961.0,4070.0,1891.0,Q2,2020,2020-06-30
Nova Scotia,Q3 2020,3964.0,2457.0,1507.0,Q3,2020,2020-09-30
Nova Scotia,Q4 2020,2606.0,1808.0,798.0,Q4,2020,2020-12-31
Nova Scotia,Q1 2021,5367.0,2989.0,2378.0,Q1,2021,2021-03-31
Nova Scotia,Q2 2021,8619.0,4402.0,4217.0,Q2,2021,2021-06-30
Nova Scotia,Q3 2021,6160.0,3768.0,2392.0,Q3,2021,2021-09-30
Nova Scotia,Q4 2021,4264.0,2368.0,1896.0,Q4,2021,2021-12-31
Nova Scotia,Q1 2022,5840.0,3649.0,2191.0,Q1,2022,2022-03-31
Nova Scotia,Q2 2022,10751.0,5529.0,5222.0,Q2,2022,2022-06-30
Nova Scotia,Q3 2022,6553.0,4863.0,1690.0,Q3,2022,2022-09-30
Nova Scotia,Q4 2022,3657.0,2930.0,727.0,Q4,2022,2022-12-31
Nova Scotia,Q1 2023,6488.0,4237.0,2251.0,Q1,2023,2023-03-31
Nova Scotia,Q2 2023,8082.0,5761.0,2321.0,Q2,2023,2023-06-30
Nova Scotia,Q3 2023,6417.0,4656.0,1761.0,Q3,2023,2023-09-30
Nova Scotia,Q4 2023,4105.0,2113.0,1992.0,Q4,2023,2023-12-31
Nova Scotia,Q1 2024,6368.0,4761.0,1607.0,Q1,2024,2024-03-31
Nova Scotia,Q2 2024,9089.0,5608.0,3481.0,Q2,2024,2024-06-30
Nova Scotia,Q3 2024,4764.0,4079.0,685.0,Q3,2024,2024-09-30
Nova Scotia,Q4 2024,2895.0,2359.0,536.0,Q4,2024,2024-12-31
Nova Scotia,Q1 2025,4700.0,3976.0,724.0,Q1,2025,2025-03-31
Nova Scotia,Q2 2025,6110.0,4829.0,1281.0,Q2,2025,2025-06-30
Nunavut,Q1 2010,362.0,347.0,15.0,Q1,2010,2010-03-31
Nunavut,Q2 2010,260.0,245.0,15.0,Q2,2010,2010-06-30
Nunavut,Q3 2010,229.0,214.0,15.0,Q3,2010,2010-09-30
Nunavut,Q4 2010,121.0,157.0,-36.0,Q4,2010,2010-12-31
Nunavut,Q1 2011,219.0,217.0,2.0,Q1,2011,2011-03-31
Nunavut,Q2 2011,333.0,241.0,92.0,Q2,2011,2011-06-30
Nunavut,Q3 2011,256.0,247.0,9.0,Q3,2011,2011-09-30
Nunavut,Q4 2011,153.0,260.0,-107.0,Q4,2011,2011-12-31
Nunavut,Q1 2012,380.0,333.0,47.0,Q1,2012,2012-03-31
Nunavut,Q2 2012,321.0,423.0,-102.0,Q2,2012,2012-06-30
Nunavut,Q3 2012,216.0,226.0,-10.0,Q3,2012,2012-09-30
Nunavut,Q4 2012,122.0,150.0,-28.0,Q4,2012,2012-12-31
Nunavut,Q1 2013,232.0,364.0,-132.0,Q1,2013,2013-03-31
Nunavut,Q2 2013,454.0,279.0,175.0,Q2,2013,2013-06-30
Nunavut,Q3 2013,186.0,198.0,-12.0,Q3,2013,2013-09-30
Nunavut,Q4 2013,70.0,163.0,-93.0,Q4,2013,2013-12-31
Nunavut,Q1 2014,271.0,221.0,50.0,Q1,2014,2014-03-31
Nunavut,Q2 2014,442.0,446.0,-4.0,Q2,2014,2014-06-30
Nunavut,Q3 2014,127.0,194.0,-67.0,Q3,2014,2014-09-30
Nunavut,Q4 2014,99.0,131.0,-32.0,Q4,2014,2014-12-31
Nunavut,Q1 2015,189.0,289.0,-100.0,Q1,2015,2015-03-31
Nunavut,Q2 2015,435.0,408.0,27.0,Q2,2015,2015-06-30
Nunavut,Q3 2015,147.0,252.0,-105.0,Q3,2015,2015-09-30
Nunavut,Q4 2015,124.0,164.0,-40.0,Q4,2015,2015-12-31
Nunavut,Q1 2016,340.0,381.0,-41.0,Q1,2016,2016-03-31
Nunavut,Q2 2016,361.0,375.0,-14.0,Q2,2016,2016-06-30
Nunavut,Q3 2016,128.0,242.0,-114.0,Q3,2016,2016-09-30
Nunavut,Q4 2016,76.0,104.0,-28.0,Q4,2016,2016-12-31
Nunavut,Q1 2017,230.0,253.0,-23.0,Q1,2017,2017-03-31
Nunavut,Q2 2017,435.0,405.0,30.0,Q2,2017,2017-06-30
Nunavut,Q3 2017,144.0,223.0,-79.0,Q3,2017,2017-09-30
Nunavut,Q4 2017,27.0,222.0,-195.0,Q4,2017,2017-12-31
Nunavut,Q1 2018,231.0,274.0,-43.0,Q1,2018,2018-03-31
Nunavut,Q2 2018,722.0,553.0,169.0,Q2,2018,2018-06-30
Nunavut,Q3 2018,148.0,192.0,-44.0,Q3,2018,2018-09-30
Nunavut,Q4 2018,105.0,200.0,-95.0,Q4,2018,2018-12-31
Nunavut,Q1 2019,319.0,329.0,-10.0,Q1,2019,2019-03-31
Nunavut,Q2 2019,409.0,501.0,-92.0,Q2,2019,2019-06-30
Nunavut,Q3 2019,97.0,249.0,-152.0,Q3,2019,2019-09-30
Nunavut,Q4 2019,142.0,198.0,-56.0,Q4,2019,2019-12-31
Nunavut,Q1 2020,258.0,334.0,-76.0,Q1,2020,2020-03-31
Nunavut,Q2 2020,526.0,360.0,166.0,Q2,2020,2020-06-30
Nunavut,Q3 2020,84.0,200.0,-116.0,Q3,2020,2020-09-30
Nunavut,Q4 2020,51.0,80.0,-29.0,Q4,2020,2020-12-31
Nunavut,Q1 2021,212.0,252.0,-40.0,Q1,2021,2021-03-31
Nunavut,Q2 2021,421.0,405.0,16.0,Q2,2021,2021-06-30
Nunavut,Q3 2021,135.0,190.0,-55.0,Q3,2021,2021-09-30
Nunavut,Q4 2021,120.0,188.0,-68.0,Q4,2021,2021-12-31
Nunavut,Q1 2022,338.0,250.0,88.0,Q1,2022,2022-03-31
Nunavut,Q2 2022,323.0,468.0,-145.0,Q2,2022,2022-06-30
Nunavut,Q3 2022,91.0,201.0,-110.0,Q3,2022,2022-09-30
Nunavut,Q4 2022,93.0,138.0,-45.0,Q4,2022,2022-12-31
Nunavut,Q1 2023,272.0,464.0,-192.0,Q1,2023,2023-03-31
Nunavut,Q2 2023,328.0,367.0,-39.0,Q2,2023,2023-06-30
Nunavut,Q3 2023,178.0,227.0,-49.0,Q3,2023,2023-09-30
Nunavut,Q4 2023,40.0,172.0,-132.0,Q4,2023,2023-12-31
Nunavut,Q1 2024,295.0,392.0,-97.0,Q1,2024,2024-03-31
Nunavut,Q2 2024,539.0,424.0,115.0,Q2,2024,2024-06-30
Nunavut,Q3 2024,223.0,344.0,-121.0,Q3,2024,2024-09-30
Nunavut,Q4 2024,148.0,110.0,38.0,Q4,2024,2024-12-31
Nunavut,Q1 2025,401.0,437.0,-36.0,Q1,2025,2025-03-31
Nunavut,Q2 2025,518.0,635.0,-117.0,Q2,2025,2025-06-30
Ontario,Q1 2010,13444.0,14840.0,-1396.0,Q1,2010,2010-03-31
Ontario,Q2 2010,17523.0,18976.0,-1453.0,Q2,2010,2010-06-30
Ontario,Q3 2010,18920.0,18030.0,890.0,Q3,2010,2010-09-30
Ontario,Q4 2010,11178.0,13128.0,-1950.0,Q4,2010,2010-12-31
Ontario,Q1 2011,12362.0,13365.0,-1003.0,Q1,2011,2011-03-31
Ontario,Q2 2011,15857.0,17801.0,-1944.0,Q2,2011,2011-06-30
Ontario,Q3 2011,21751.0,22585.0,-834.0,Q3,2011,2011-09-30
Ontario,Q4 2011,11722.0,13683.0,-1961.0,Q4,2011,2011-12-31
Ontario,Q1 2012,13990.0,17332.0,-3342.0,Q1,2012,2012-03-31
Ontario,Q2 2012,18469.0,22943.0,-4474.0,Q2,2012,2012-06-30
Ontario,Q3 2012,18837.0,22529.0,-3692.0,Q3,2012,2012-09-30
Ontario,Q4 2012,10365.0,11995.0,-1630.0,Q4,2012,2012-12-31
Ontario,Q1 2013,11865.0,16436.0,-4571.0,Q1,2013,2013-03-31
Ontario,Q2 2013,20640.0,24648.0,-4008.0,Q2,2013,2013-06-30
Ontario,Q3 2013,19031.0,21093.0,-2062.0,Q3,2013,2013-09-30
Ontario,Q4 2013,12002.0,13348.0,-1346.0,Q4,2013,2013-12-31
Ontario,Q1 2014,12726.0,17067.0,-4341.0,Q1,2014,2014-03-31
Ontario,Q2 2014,20079.0,26894.0,-6815.0,Q2,2014,2014-06-30
Ontario,Q3 2014,19289.0,20588.0,-1299.0,Q3,2014,2014-09-30
Ontario,Q4 2014,11332.0,13518.0,-2186.0,Q4,2014,2014-12-31
Ontario,Q1 2015,15075.0,18350.0,-3275.0,Q1,2015,2015-03-31
Ontario,Q2 2015,24225.0,26160.0,-1935.0,Q2,2015,2015-06-30
Ontario,Q3 2015,23363.0,21452.0,1911.0,Q3,2015,2015-09-30
Ontario,Q4 2015,11738.0,10412.0,1326.0,Q4,2015,2015-12-31
Ontario,Q1 2016,16649.0,15038.0,1611.0,Q1,2016,2016-03-31
Ontario,Q2 2016,26128.0,21899.0,4229.0,Q2,2016,2016-06-30
Ontario,Q3 2016,25564.0,17913.0,7651.0,Q3,2016,2016-09-30
Ontario,Q4 2016,11650.0,9401.0,2249.0,Q4,2016,2016-12-31
Ontario,Q1 2017,16258.0,16025.0,233.0,Q1,2017,2017-03-31
Ontario,Q2 2017,24935.0,21686.0,3249.0,Q2,2017,2017-06-30
Ontario,Q3 2017,21264.0,16275.0,4989.0,Q3,2017,2017-09-30
Ontario,Q4 2017,13393.0,10906.0,2487.0,Q4,2017,2017-12-31
Ontario,Q1 2018,16582.0,14800.0,1782.0,Q1,2018,2018-03-31
Ontario,Q2 2018,25177.0,24491.0,686.0,Q2,2018,2018-06-30
Ontario,Q3 2018,21358.0,16251.0,5107.0,Q3,2018,2018-09-30
Ontario,Q4 2018,13797.0,11755.0,2042.0,Q4,2018,2018-12-31
Ontario,Q1 2019,14481.0,14396.0,85.0,Q1,2019,2019-03-31
Ontario,Q2 2019,24075.0,24680.0,-605.0,Q2,2019,2019-06-30
Ontario,Q3 2019,25690.0,21294.0,4396.0,Q3,2019,2019-09-30
Ontario,Q4 2019,14110.0,13287.0,823.0,Q4,2019,2019-12-31
Ontario,Q1 2020,18296.0,19908.0,-1612.0,Q1,2020,2020-03-31
Ontario,Q2 2020,23506.0,24319.0,-813.0,Q2,2020,2020-06-30
Ontario,Q3 2020,15148.0,15169.0,-21.0,Q3,2020,2020-09-30
Ontario,Q4 2020,10526.0,10912.0,-386.0,Q4,2020,2020-12-31
Ontario,Q1 2021,14781.0,21006.0,-6225.0,Q1,2021,2021-03-31
Ontario,Q2 2021,21820.0,33593.0,-11773.0,Q2,2021,2021-06-30
Ontario,Q3 2021,24222.0,27431.0,-3209.0,Q3,2021,2021-09-30
Ontario,Q4 2021,13770.0,18095.0,-4325.0,Q4,2021,2021-12-31
Ontario,Q1 2022,17049.0,25641.0,-8592.0,Q1,2022,2022-03-31
Ontario,Q2 2022,30838.0,45730.0,-14892.0,Q2,2022,2022-06-30
Ontario,Q3 2022,24623.0,30514.0,-5891.0,Q3,2022,2022-09-30
Ontario,Q4 2022,15256.0,19168.0,-3912.0,Q4,2022,2022-12-31
Ontario,Q1 2023,20016.0,29792.0,-9776.0,Q1,2023,2023-03-31
Ontario,Q2 2023,27059.0,37210.0,-10151.0,Q2,2023,2023-06-30
Ontario,Q3 2023,21748.0,31139.0,-9391.0,Q3,2023,2023-09-30
Ontario,Q4 2023,12893.0,18421.0,-5528.0,Q4,2023,2023-12-31
Ontario,Q1 2024,19126.0,31828.0,-12702.0,Q1,2024,2024-03-31
Ontario,Q2 2024,26428.0,41496.0,-15068.0,Q2,2024,2024-06-30
Ontario,Q3 2024,18651.0,22874.0,-4223.0,Q3,2024,2024-09-30
Ontario,Q4 2024,11314.0,13396.0,-2082.0,Q4,2024,2024-12-31
Ontario,Q1 2025,18515.0,23835.0,-5320.0,Q1,2025,2025-03-31
Ontario,Q2 2025,26181.0,32335.0,-6154.0,Q2,2025,2025-06-30
Prince Edward Island,Q1 2010,716.0,603.0,113.0,Q1,2010,2010-03-31
Prince Edward Island,Q2 2010,811.0,798.0,13.0,Q2,2010,2010-06-30
Prince Edward Island,Q3 2010,675.0,874.0,-199.0,Q3,2010,2010-09-30
Prince Edward Island,Q4 2010,434.0,494.0,-60.0,Q4,2010,2010-12-31
Prince Edward Island,Q1 2011,534.0,546.0,-12.0,Q1,2011,2011-03-31
Prince Edward Island,Q2 2011,851.0,790.0,61.0,Q2,2011,2011-06-30
Prince Edward Island,Q3 2011,904.0,1042.0,-138.0,Q3,2011,2011-09-30
Prince Edward Island,Q4 2011,468.0,693.0,-225.0,Q4,2011,2011-12-31
Prince Edward Island,Q1 2012,787.0,728.0,59.0,Q1,2012,2012-03-31
Prince Edward Island,Q2 2012,770.0,1084.0,-314.0,Q2,2012,2012-06-30
Prince Edward Island,Q3 2012,701.0,1009.0,-308.0,Q3,2012,2012-09-30
Prince Edward Island,Q4 2012,336.0,687.0,-351.0,Q4,2012,2012-12-31
Prince Edward Island,Q1 2013,675.0,764.0,-89.0,Q1,2013,2013-03-31
Prince Edward Island,Q2 2013,1013.0,1166.0,-153.0,Q2,2013,2013-06-30
Prince Edward Island,Q3 2013,695.0,975.0,-280.0,Q3,2013,2013-09-30
Prince Edward Island,Q4 2013,391.0,599.0,-208.0,Q4,2013,2013-12-31
Prince Edward Island,Q1 2014,478.0,718.0,-240.0,Q1,2014,2014-03-31
Prince Edward Island,Q2 2014,809.0,1022.0,-213.0,Q2,2014,2014-06-30
Prince Edward Island,Q3 2014,558.0,855.0,-297.0,Q3,2014,2014-09-30
Prince Edward Island,Q4 2014,357.0,506.0,-149.0,Q4,2014,2014-12-31
Prince Edward Island,Q1 2015,694.0,805.0,-111.0,Q1,2015,2015-03-31
Prince Edward Island,Q2 2015,1077.0,1202.0,-125.0,Q2,2015,2015-06-30
Prince Edward Island,Q3 2015,680.0,774.0,-94.0,Q3,2015,2015-09-30
Prince Edward Island,Q4 2015,492.0,500.0,-8.0,Q4,2015,2015-12-31
Prince Edward Island,Q1 2016,747.0,607.0,140.0,Q1,2016,2016-03-31
Prince Edward Island,Q2 2016,1145.0,1153.0,-8.0,Q2,2016,2016-06-30
Prince Edward Island,Q3 2016,734.0,927.0,-193.0,Q3,2016,2016-09-30
Prince Edward Island,Q4 2016,432.0,331.0,101.0,Q4,2016,2016-12-31
Prince Edward Island,Q1 2017,873.0,744.0,129.0,Q1,2017,2017-03-31
Prince Edward Island,Q2 2017,1432.0,1025.0,407.0,Q2,2017,2017-06-30
Prince Edward Island,Q3 2017,692.0,802.0,-110.0,Q3,2017,2017-09-30
Prince Edward Island,Q4 2017,506.0,625.0,-119.0,Q4,2017,2017-12-31
Prince Edward Island,Q1 2018,699.0,706.0,-7.0,Q1,2018,2018-03-31
Prince Edward Island,Q2 2018,1634.0,1221.0,413.0,Q2,2018,2018-06-30
Prince Edward Island,Q3 2018,974.0,878.0,96.0,Q3,2018,2018-09-30
Prince Edward Island,Q4 2018,532.0,511.0,21.0,Q4,2018,2018-12-31
Prince Edward Island,Q1 2019,790.0,665.0,125.0,Q1,2019,2019-03-31
Prince Edward Island,Q2 2019,1515.0,1095.0,420.0,Q2,2019,2019-06-30
Prince Edward Island,Q3 2019,857.0,1056.0,-199.0,Q3,2019,2019-09-30
Prince Edward Island,Q4 2019,1016.0,790.0,226.0,Q4,2019,2019-12-31
Prince Edward Island,Q1 2020,1295.0,680.0,615.0,Q1,2020,2020-03-31
Prince Edward Island,Q2 2020,1648.0,1140.0,508.0,Q2,2020,2020-06-30
Prince Edward Island,Q3 2020,592.0,664.0,-72.0,Q3,2020,2020-09-30
Prince Edward Island,Q4 2020,481.0,607.0,-126.0,Q4,2020,2020-12-31
Prince Edward Island,Q1 2021,1196.0,726.0,470.0,Q1,2021,2021-03-31
Prince Edward Island,Q2 2021,1949.0,1001.0,948.0,Q2,2021,2021-06-30
Prince Edward Island,Q3 2021,1314.0,994.0,320.0,Q3,2021,2021-09-30
Prince Edward Island,Q4 2021,939.0,705.0,234.0,Q4,2021,2021-12-31
Prince Edward Island,Q1 2022,1421.0,687.0,734.0,Q1,2022,2022-03-31
Prince Edward Island,Q2 2022,2031.0,1611.0,420.0,Q2,2022,2022-06-30
Prince Edward Island,Q3 2022,922.0,1078.0,-156.0,Q3,2022,2022-09-30
Prince Edward Island,Q4 2022,1220.0,804.0,416.0,Q4,2022,2022-12-31
Prince Edward Island,Q1 2023,1838.0,1120.0,718.0,Q1,2023,2023-03-31
Prince Edward Island,Q2 2023,1918.0,1425.0,493.0,Q2,2023,2023-06-30
Prince Edward Island,Q3 2023,1261.0,1127.0,134.0,Q3,2023,2023-09-30
Prince Edward Island,Q4 2023,747.0,788.0,-41.0,Q4,2023,2023-12-31
Prince Edward Island,Q1 2024,1368.0,1058.0,310.0,Q1,2024,2024-03-31
Prince Edward Island,Q2 2024,1932.0,1350.0,582.0,Q2,2024,2024-06-30
Prince Edward Island,Q3 2024,837.0,1049.0,-212.0,Q3,2024,2024-09-30
Prince Edward Island,Q4 2024,444.0,625.0,-181.0,Q4,2024,2024-12-31
Prince Edward Island,Q1 2025,1389.0,852.0,537.0,Q1,2025,2025-03-31
Prince Edward Island,Q2 2025,2237.0,1338.0,899.0,Q2,2025,2025-06-30
Quebec,Q1 2010,4129.0,5334.0,-1205.0,Q1,2010,2010-03-31
Quebec,Q2 2010,5897.0,7590.0,-1693.0,Q2,2010,2010-06-30
Quebec,Q3 2010,6823.0,7534.0,-711.0,Q3,2010,2010-09-30
Quebec,Q4 2010,3760.0,4499.0,-739.0,Q4,2010,2010-12-31
Quebec,Q1 2011,3843.0,4987.0,-1144.0,Q1,2011,2011-03-31
Quebec,Q2 2011,5458.0,7627.0,-2169.0,Q2,2011,2011-06-30
Quebec,Q3 2011,8000.0,8971.0,-971.0,Q3,2011,2011-09-30
Quebec,Q4 2011,4016.0,5472.0,-1456.0,Q4,2011,2011-12-31
Quebec,Q1 2012,3690.0,5928.0,-2238.0,Q1,2012,2012-03-31
Quebec,Q2 2012,6492.0,8742.0,-2250.0,Q2,2012,2012-06-30
Quebec,Q3 2012,6718.0,9230.0,-2512.0,Q3,2012,2012-09-30
Quebec,Q4 2012,2953.0,4928.0,-1975.0,Q4,2012,2012-12-31
Quebec,Q1 2013,3619.0,5173.0,-1554.0,Q1,2013,2013-03-31
Quebec,Q2 2013,6004.0,10394.0,-4390.0,Q2,2013,2013-06-30
Quebec,Q3 2013,5709.0,10445.0,-4736.0,Q3,2013,2013-09-30
Quebec,Q4 2013,3614.0,6280.0,-2666.0,Q4,2013,2013-12-31
Quebec,Q1 2014,3534.0,5780.0,-2246.0,Q1,2014,2014-03-31
Quebec,Q2 2014,5816.0,10480.0,-4664.0,Q2,2014,2014-06-30
Quebec,Q3 2014,5394.0,10846.0,-5452.0,Q3,2014,2014-09-30
Quebec,Q4 2014,3648.0,5789.0,-2141.0,Q4,2014,2014-12-31
Quebec,Q1 2015,3885.0,6594.0,-2709.0,Q1,2015,2015-03-31
Quebec,Q2 2015,6118.0,11958.0,-5840.0,Q2,2015,2015-06-30
Quebec,Q3 2015,6830.0,10410.0,-3580.0,Q3,2015,2015-09-30
Quebec,Q4 2015,3217.0,5288.0,-2071.0,Q4,2015,2015-12-31
Quebec,Q1 2016,4431.0,5679.0,-1248.0,Q1,2016,2016-03-31
Quebec,Q2 2016,6697.0,10916.0,-4219.0,Q2,2016,2016-06-30
Quebec,Q3 2016,6701.0,10247.0,-3546.0,Q3,2016,2016-09-30
Quebec,Q4 2016,3009.0,4588.0,-1579.0,Q4,2016,2016-12-31
Quebec,Q1 2017,4637.0,5078.0,-441.0,Q1,2017,2017-03-31
Quebec,Q2 2017,7303.0,9864.0,-2561.0,Q2,2017,2017-06-30
Quebec,Q3 2017,6397.0,8593.0,-2196.0,Q3,2017,2017-09-30
Quebec,Q4 2017,3934.0,4736.0,-802.0,Q4,2017,2017-12-31
Quebec,Q1 2018,5148.0,5667.0,-519.0,Q1,2018,2018-03-31
Quebec,Q2 2018,7650.0,9826.0,-2176.0,Q2,2018,2018-06-30
Quebec,Q3 2018,6579.0,8640.0,-2061.0,Q3,2018,2018-09-30
Quebec,Q4 2018,3980.0,5324.0,-1344.0,Q4,2018,2018-12-31
Quebec,Q1 2019,4625.0,4966.0,-341.0,Q1,2019,2019-03-31
Quebec,Q2 2019,8681.0,9063.0,-382.0,Q2,2019,2019-06-30
Quebec,Q3 2019,8756.0,10505.0,-1749.0,Q3,2019,2019-09-30
Quebec,Q4 2019,4870.0,5460.0,-590.0,Q4,2019,2019-12-31
Quebec,Q1 2020,5684.0,6241.0,-557.0,Q1,2020,2020-03-31
Quebec,Q2 2020,8249.0,9789.0,-1540.0,Q2,2020,2020-06-30
Quebec,Q3 2020,6191.0,7441.0,-1250.0,Q3,2020,2020-09-30
Quebec,Q4 2020,3393.0,4649.0,-1256.0,Q4,2020,2020-12-31
Quebec,Q1 2021,5556.0,6002.0,-446.0,Q1,2021,2021-03-31
Quebec,Q2 2021,9227.0,9219.0,8.0,Q2,2021,2021-06-30
Quebec,Q3 2021,9255.0,11822.0,-2567.0,Q3,2021,2021-09-30
Quebec,Q4 2021,4857.0,6275.0,-1418.0,Q4,2021,2021-12-31
Quebec,Q1 2022,6586.0,7056.0,-470.0,Q1,2022,2022-03-31
Quebec,Q2 2022,11471.0,13545.0,-2074.0,Q2,2022,2022-06-30
Quebec,Q3 2022,8771.0,12122.0,-3351.0,Q3,2022,2022-09-30
Quebec,Q4 2022,4587.0,7399.0,-2812.0,Q4,2022,2022-12-31
Quebec,Q1 2023,6630.0,8348.0,-1718.0,Q1,2023,2023-03-31
Quebec,Q2 2023,9645.0,12097.0,-2452.0,Q2,2023,2023-06-30
Quebec,Q3 2023,8561.0,10997.0,-2436.0,Q3,2023,2023-09-30
Quebec,Q4 2023,4426.0,6721.0,-2295.0,Q4,2023,2023-12-31
Quebec,Q1 2024,6974.0,8115.0,-1141.0,Q1,2024,2024-03-31
Quebec,Q2 2024,10201.0,11079.0,-878.0,Q2,2024,2024-06-30
Quebec,Q3 2024,7846.0,8103.0,-257.0,Q3,2024,2024-09-30
Quebec,Q4 2024,3611.0,4704.0,-1093.0,Q4,2024,2024-12-31
Quebec,Q1 2025,5998.0,7237.0,-1239.0,Q1,2025,2025-03-31
Quebec,Q2 2025,8509.0,11015.0,-2506.0,Q2,2025,2025-06-30
Saskatchewan,Q1 2010,4363.0,3606.0,757.0,Q1,2010,2010-03-31
Saskatchewan,Q2 2010,4912.0,4356.0,556.0,Q2,2010,2010-06-30
Saskatchewan,Q3 2010,4705.0,4551.0,154.0,Q3,2010,2010-09-30
Saskatchewan,Q4 2010,3098.0,2863.0,235.0,Q4,2010,2010-12-31
Saskatchewan,Q1 2011,3706.0,4131.0,-425.0,Q1,2011,2011-03-31
Saskatchewan,Q2 2011,5093.0,4512.0,581.0,Q2,2011,2011-06-30
Saskatchewan,Q3 2011,5895.0,5301.0,594.0,Q3,2011,2011-09-30
Saskatchewan,Q4 2011,3990.0,3939.0,51.0,Q4,2011,2011-12-31
Saskatchewan,Q1 2012,4643.0,4658.0,-15.0,Q1,2012,2012-03-31
Saskatchewan,Q2 2012,7094.0,5846.0,1248.0,Q2,2012,2012-06-30
Saskatchewan,Q3 2012,5787.0,5072.0,715.0,Q3,2012,2012-09-30
Saskatchewan,Q4 2012,3051.0,3413.0,-362.0,Q4,2012,2012-12-31
Saskatchewan,Q1 2013,3868.0,4372.0,-504.0,Q1,2013,2013-03-31
Saskatchewan,Q2 2013,6620.0,6077.0,543.0,Q2,2013,2013-06-30
Saskatchewan,Q3 2013,4970.0,5046.0,-76.0,Q3,2013,2013-09-30
Saskatchewan,Q4 2013,3131.0,3570.0,-439.0,Q4,2013,2013-12-31
Saskatchewan,Q1 2014,4499.0,4728.0,-229.0,Q1,2014,2014-03-31
Saskatchewan,Q2 2014,6229.0,7324.0,-1095.0,Q2,2014,2014-06-30
Saskatchewan,Q3 2014,4318.0,5219.0,-901.0,Q3,2014,2014-09-30
Saskatchewan,Q4 2014,3109.0,3436.0,-327.0,Q4,2014,2014-12-31
Saskatchewan,Q1 2015,4450.0,5886.0,-1436.0,Q1,2015,2015-03-31
Saskatchewan,Q2 2015,6199.0,8063.0,-1864.0,Q2,2015,2015-06-30
Saskatchewan,Q3 2015,4777.0,5692.0,-915.0,Q3,2015,2015-09-30
Saskatchewan,Q4 2015,2996.0,3531.0,-535.0,Q4,2015,2015-12-31
Saskatchewan,Q1 2016,4259.0,5700.0,-1441.0,Q1,2016,2016-03-31
Saskatchewan,Q2 2016,5369.0,6750.0,-1381.0,Q2,2016,2016-06-30
Saskatchewan,Q3 2016,4018.0,5648.0,-1630.0,Q3,2016,2016-09-30
Saskatchewan,Q4 2016,2422.0,3402.0,-980.0,Q4,2016,2016-12-31
Saskatchewan,Q1 2017,3714.0,4955.0,-1241.0,Q1,2017,2017-03-31
Saskatchewan,Q2 2017,5166.0,7075.0,-1909.0,Q2,2017,2017-06-30
Saskatchewan,Q3 2017,3177.0,5389.0,-2212.0,Q3,2017,2017-09-30
Saskatchewan,Q4 2017,2281.0,3746.0,-1465.0,Q4,2017,2017-12-31
Saskatchewan,Q1 2018,3302.0,5406.0,-2104.0,Q1,2018,2018-03-31
Saskatchewan,Q2 2018,4891.0,7585.0,-2694.0,Q2,2018,2018-06-30
Saskatchewan,Q3 2018,2893.0,5617.0,-2724.0,Q3,2018,2018-09-30
Saskatchewan,Q4 2018,2335.0,3778.0,-1443.0,Q4,2018,2018-12-31
Saskatchewan,Q1 2019,3058.0,5608.0,-2550.0,Q1,2019,2019-03-31
Saskatchewan,Q2 2019,4916.0,7640.0,-2724.0,Q2,2019,2019-06-30
Saskatchewan,Q3 2019,3070.0,6418.0,-3348.0,Q3,2019,2019-09-30
Saskatchewan,Q4 2019,2443.0,4369.0,-1926.0,Q4,2019,2019-12-31
Saskatchewan,Q1 2020,3915.0,7115.0,-3200.0,Q1,2020,2020-03-31
Saskatchewan,Q2 2020,4366.0,7304.0,-2938.0,Q2,2020,2020-06-30
Saskatchewan,Q3 2020,2156.0,4350.0,-2194.0,Q3,2020,2020-09-30
Saskatchewan,Q4 2020,2002.0,3030.0,-1028.0,Q4,2020,2020-12-31
Saskatchewan,Q1 2021,3770.0,5182.0,-1412.0,Q1,2021,2021-03-31
Saskatchewan,Q2 2021,4730.0,7270.0,-2540.0,Q2,2021,2021-06-30
Saskatchewan,Q3 2021,3552.0,7180.0,-3628.0,Q3,2021,2021-09-30
Saskatchewan,Q4 2021,2557.0,4165.0,-1608.0,Q4,2021,2021-12-31
Saskatchewan,Q1 2022,4104.0,5800.0,-1696.0,Q1,2022,2022-03-31
Saskatchewan,Q2 2022,6626.0,9187.0,-2561.0,Q2,2022,2022-06-30
Saskatchewan,Q3 2022,4120.0,5498.0,-1378.0,Q3,2022,2022-09-30
Saskatchewan,Q4 2022,2934.0,3913.0,-979.0,Q4,2022,2022-12-31
Saskatchewan,Q1 2023,4429.0,6694.0,-2265.0,Q1,2023,2023-03-31
Saskatchewan,Q2 2023,5727.0,7761.0,-2034.0,Q2,2023,2023-06-30
Saskatchewan,Q3 2023,4983.0,5879.0,-896.0,Q3,2023,2023-09-30
Saskatchewan,Q4 2023,2882.0,3691.0,-809.0,Q4,2023,2023-12-31
Saskatchewan,Q1 2024,5442.0,5858.0,-416.0,Q1,2024,2024-03-31
Saskatchewan,Q2 2024,6527.0,7459.0,-932.0,Q2,2024,2024-06-30
Saskatchewan,Q3 2024,4152.0,4690.0,-538.0,Q3,2024,2024-09-30
Saskatchewan,Q4 2024,2153.0,3234.0,-1081.0,Q4,2024,2024-12-31
Saskatchewan,Q1 2025,5424.0,5289.0,135.0,Q1,2025,2025-03-31
Saskatchewan,Q2 2025,6240.0,7262.0,-1022.0,Q2,2025,2025-06-30
Yukon,Q1 2010,264.0,245.0,19.0,Q1,2010,2010-03-31
Yukon,Q2 2010,483.0,346.0,137.0,Q2,2010,2010-06-30
Yukon,Q3 2010,334.0,279.0,55.0,Q3,2010,2010-09-30
Yukon,Q4 2010,281.0,260.0,21.0,Q4,2010,2010-12-31
Yukon,Q1 2011,370.0,263.0,107.0,Q1,2011,2011-03-31
Yukon,Q2 2011,492.0,312.0,180.0,Q2,2011,2011-06-30
Yukon,Q3 2011,435.0,295.0,140.0,Q3,2011,2011-09-30
Yukon,Q4 2011,345.0,262.0,83.0,Q4,2011,2011-12-31
Yukon,Q1 2012,349.0,476.0,-127.0,Q1,2012,2012-03-31
Yukon,Q2 2012,506.0,289.0,217.0,Q2,2012,2012-06-30
Yukon,Q3 2012,349.0,291.0,58.0,Q3,2012,2012-09-30
Yukon,Q4 2012,248.0,293.0,-45.0,Q4,2012,2012-12-31
Yukon,Q1 2013,249.0,368.0,-119.0,Q1,2013,2013-03-31
Yukon,Q2 2013,529.0,517.0,12.0,Q2,2013,2013-06-30
Yukon,Q3 2013,148.0,403.0,-255.0,Q3,2013,2013-09-30
Yukon,Q4 2013,174.0,270.0,-96.0,Q4,2013,2013-12-31
Yukon,Q1 2014,488.0,326.0,162.0,Q1,2014,2014-03-31
Yukon,Q2 2014,688.0,448.0,240.0,Q2,2014,2014-06-30
Yukon,Q3 2014,303.0,296.0,7.0,Q3,2014,2014-09-30
Yukon,Q4 2014,145.0,287.0,-142.0,Q4,2014,2014-12-31
Yukon,Q1 2015,312.0,225.0,87.0,Q1,2015,2015-03-31
Yukon,Q2 2015,663.0,528.0,135.0,Q2,2015,2015-06-30
Yukon,Q3 2015,348.0,433.0,-85.0,Q3,2015,2015-09-30
Yukon,Q4 2015,153.0,189.0,-36.0,Q4,2015,2015-12-31
Yukon,Q1 2016,453.0,350.0,103.0,Q1,2016,2016-03-31
Yukon,Q2 2016,688.0,394.0,294.0,Q2,2016,2016-06-30
Yukon,Q3 2016,375.0,289.0,86.0,Q3,2016,2016-09-30
Yukon,Q4 2016,220.0,177.0,43.0,Q4,2016,2016-12-31
Yukon,Q1 2017,535.0,293.0,242.0,Q1,2017,2017-03-31
Yukon,Q2 2017,548.0,342.0,206.0,Q2,2017,2017-06-30
Yukon,Q3 2017,232.0,236.0,-4.0,Q3,2017,2017-09-30
Yukon,Q4 2017,259.0,207.0,52.0,Q4,2017,2017-12-31
Yukon,Q1 2018,397.0,336.0,61.0,Q1,2018,2018-03-31
Yukon,Q2 2018,609.0,484.0,125.0,Q2,2018,2018-06-30
Yukon,Q3 2018,338.0,331.0,7.0,Q3,2018,2018-09-30
Yukon,Q4 2018,348.0,206.0,142.0,Q4,2018,2018-12-31
Yukon,Q1 2019,361.0,339.0,22.0,Q1,2019,2019-03-31
Yukon,Q2 2019,664.0,493.0,171.0,Q2,2019,2019-06-30
Yukon,Q3 2019,382.0,297.0,85.0,Q3,2019,2019-09-30
Yukon,Q4 2019,157.0,224.0,-67.0,Q4,2019,2019-12-31
Yukon,Q1 2020,643.0,338.0,305.0,Q1,2020,2020-03-31
Yukon,Q2 2020,689.0,523.0,166.0,Q2,2020,2020-06-30
Yukon,Q3 2020,236.0,202.0,34.0,Q3,2020,2020-09-30
Yukon,Q4 2020,233.0,213.0,20.0,Q4,2020,2020-12-31
Yukon,Q1 2021,388.0,251.0,137.0,Q1,2021,2021-03-31
Yukon,Q2 2021,685.0,359.0,326.0,Q2,2021,2021-06-30
Yukon,Q3 2021,270.0,309.0,-39.0,Q3,2021,2021-09-30
Yukon,Q4 2021,228.0,355.0,-127.0,Q4,2021,2021-12-31
Yukon,Q1 2022,523.0,237.0,286.0,Q1,2022,2022-03-31
Yukon,Q2 2022,828.0,661.0,167.0,Q2,2022,2022-06-30
Yukon,Q3 2022,324.0,310.0,14.0,Q3,2022,2022-09-30
Yukon,Q4 2022,283.0,220.0,63.0,Q4,2022,2022-12-31
Yukon,Q1 2023,458.0,379.0,79.0,Q1,2023,2023-03-31
Yukon,Q2 2023,723.0,629.0,94.0,Q2,2023,2023-06-30
Yukon,Q3 2023,514.0,445.0,69.0,Q3,2023,2023-09-30
Yukon,Q4 2023,240.0,162.0,78.0,Q4,2023,2023-12-31
Yukon,Q1 2024,635.0,327.0,308.0,Q1,2024,2024-03-31
Yukon,Q2 2024,684.0,467.0,217.0,Q2,2024,2024-06-30
Yukon,Q3 2024,334.0,374.0,-40.0,Q3,2024,2024-09-30
Yukon,Q4 2024,179.0,177.0,2.0,Q4,2024,2024-12-31
Yukon,Q1 2025,417.0,546.0,-129.0,Q1,2025,2025-03-31
Yukon,Q2 2025,638.0,692.0,-54.0,Q2,2025,2025-06-30
