reference_period,province,population,quarter,year,quarter_date
Q1 2010,Alberta,3702290,Q1,2010,2010-03-31
Q2 2010,Alberta,3714999,Q2,2010,2010-06-30
Q3 2010,Alberta,3732104,Q3,2010,2010-09-30
Q4 2010,Alberta,3747235,Q4,2010,2010-12-31
Q1 2011,Alberta,3754422,Q1,2011,2011-03-31
Q2 2011,Alberta,3768774,Q2,2011,2011-06-30
Q3 2011,Alberta,3787705,Q3,2011,2011-09-30
Q4 2011,Alberta,3805071,Q4,2011,2011-12-31
Q1 2012,Alberta,3822425,Q1,2012,2012-03-31
Q2 2012,Alberta,3845093,Q2,2012,2012-06-30
Q3 2012,Alberta,3871947,Q3,2012,2012-09-30
Q4 2012,Alberta,3897746,Q4,2012,2012-12-31
Q1 2013,Alberta,3917941,Q1,2013,2013-03-31
Q2 2013,Alberta,3944281,Q2,2013,2013-06-30
Q3 2013,Alberta,3978532,Q3,2013,2013-09-30
Q4 2013,Alberta,4008421,Q4,2013,2013-12-31
Q1 2014,Alberta,4027497,Q1,2014,2014-03-31
Q2 2014,Alberta,4051858,Q2,2014,2014-06-30
Q3 2014,Alberta,4081271,Q3,2014,2014-09-30
Q4 2014,Alberta,4103702,Q4,2014,2014-12-31
Q1 2015,Alberta,4113697,Q1,2015,2015-03-31
Q2 2015,Alberta,4125943,Q2,2015,2015-06-30
Q3 2015,Alberta,4150147,Q3,2015,2015-09-30
Q4 2015,Alberta,4163048,Q4,2015,2015-12-31
Q1 2016,Alberta,4171847,Q1,2016,2016-03-31
Q2 2016,Alberta,4182353,Q2,2016,2016-06-30
Q3 2016,Alberta,4195427,Q3,2016,2016-09-30
Q4 2016,Alberta,4207139,Q4,2016,2016-12-31
Q1 2017,Alberta,4215506,Q1,2017,2017-03-31
Q2 2017,Alberta,4224933,Q2,2017,2017-06-30
Q3 2017,Alberta,4237310,Q3,2017,2017-09-30
Q4 2017,Alberta,4253530,Q4,2017,2017-12-31
Q1 2018,Alberta,4263957,Q1,2018,2018-03-31
Q2 2018,Alberta,4276444,Q2,2018,2018-06-30
Q3 2018,Alberta,4292556,Q3,2018,2018-09-30
Q4 2018,Alberta,4311439,Q4,2018,2018-12-31
Q1 2019,Alberta,4324254,Q1,2019,2019-03-31
Q2 2019,Alberta,4337569,Q2,2019,2019-06-30
Q3 2019,Alberta,4355377,Q3,2019,2019-09-30
Q4 2019,Alberta,4376860,Q4,2019,2019-12-31
Q1 2020,Alberta,4392958,Q1,2020,2020-03-31
Q2 2020,Alberta,4405455,Q2,2020,2020-06-30
Q3 2020,Alberta,4407495,Q3,2020,2020-09-30
Q4 2020,Alberta,4412013,Q4,2020,2020-12-31
Q1 2021,Alberta,4418338,Q1,2021,2021-03-31
Q2 2021,Alberta,4425617,Q2,2021,2021-06-30
Q3 2021,Alberta,4431531,Q3,2021,2021-09-30
Q4 2021,Alberta,4451129,Q4,2021,2021-12-31
Q1 2022,Alberta,4466136,Q1,2022,2022-03-31
Q2 2022,Alberta,4482503,Q2,2022,2022-06-30
Q3 2022,Alberta,4512731,Q3,2022,2022-09-30
Q4 2022,Alberta,4560275,Q4,2022,2022-12-31
Q1 2023,Alberta,4596901,Q1,2023,2023-03-31
Q2 2023,Alberta,4641615,Q2,2023,2023-06-30
Q3 2023,Alberta,4688576,Q3,2023,2023-09-30
Q4 2023,Alberta,4752173,Q4,2023,2023-12-31
Q1 2024,Alberta,4801806,Q1,2024,2024-03-31
Q2 2024,Alberta,4857695,Q2,2024,2024-06-30
Q3 2024,Alberta,4909030,Q3,2024,2024-09-30
Q4 2024,Alberta,4957075,Q4,2024,2024-12-31
Q1 2025,Alberta,4988181,Q1,2025,2025-03-31
Q2 2025,Alberta,5010078,Q2,2025,2025-06-30
Q3 2025,Alberta,5029346,Q3,2025,2025-09-30
Q1 2010,British Columbia,4441345,Q1,2010,2010-03-31
Q2 2010,British Columbia,4453756,Q2,2010,2010-06-30
Q3 2010,British Columbia,4465557,Q3,2010,2010-09-30
Q4 2010,British Columbia,4483613,Q4,2010,2010-12-31
Q1 2011,British Columbia,4482262,Q1,2011,2011-03-31
Q2 2011,British Columbia,4488509,Q2,2011,2011-06-30
Q3 2011,British Columbia,4503819,Q3,2011,2011-09-30
Q4 2011,British Columbia,4529186,Q4,2011,2011-12-31
Q1 2012,British Columbia,4539775,Q1,2012,2012-03-31
Q2 2012,British Columbia,4552320,Q2,2012,2012-06-30
Q3 2012,British Columbia,4570866,Q3,2012,2012-09-30
Q4 2012,British Columbia,4594846,Q4,2012,2012-12-31
Q1 2013,British Columbia,4602742,Q1,2013,2013-03-31
Q2 2013,British Columbia,4616335,Q2,2013,2013-06-30
Q3 2013,British Columbia,4634943,Q3,2013,2013-09-30
Q4 2013,British Columbia,4663919,Q4,2013,2013-12-31
Q1 2014,British Columbia,4672025,Q1,2014,2014-03-31
Q2 2014,British Columbia,4689892,Q2,2014,2014-06-30
Q3 2014,British Columbia,4712691,Q3,2014,2014-09-30
Q4 2014,British Columbia,4743505,Q4,2014,2014-12-31
Q1 2015,British Columbia,4751439,Q1,2015,2015-03-31
Q2 2015,British Columbia,4763917,Q2,2015,2015-06-30
Q3 2015,British Columbia,4765472,Q3,2015,2015-09-30
Q4 2015,British Columbia,4795547,Q4,2015,2015-12-31
Q1 2016,British Columbia,4807562,Q1,2016,2016-03-31
Q2 2016,British Columbia,4831042,Q2,2016,2016-06-30
Q3 2016,British Columbia,4861269,Q3,2016,2016-09-30
Q4 2016,British Columbia,4886638,Q4,2016,2016-12-31
Q1 2017,British Columbia,4894147,Q1,2017,2017-03-31
Q2 2017,British Columbia,4908971,Q2,2017,2017-06-30
Q3 2017,British Columbia,4934202,Q3,2017,2017-09-30
Q4 2017,British Columbia,4962706,Q4,2017,2017-12-31
Q1 2018,British Columbia,4974712,Q1,2018,2018-03-31
Q2 2018,British Columbia,4991716,Q2,2018,2018-06-30
Q3 2018,British Columbia,5020979,Q3,2018,2018-09-30
Q4 2018,British Columbia,5052131,Q4,2018,2018-12-31
Q1 2019,British Columbia,5061132,Q1,2019,2019-03-31
Q2 2019,British Columbia,5080515,Q2,2019,2019-06-30
Q3 2019,British Columbia,5111022,Q3,2019,2019-09-30
Q4 2019,British Columbia,5148047,Q4,2019,2019-12-31
Q1 2020,British Columbia,5157053,Q1,2020,2020-03-31
Q2 2020,British Columbia,5169535,Q2,2020,2020-06-30
Q3 2020,British Columbia,5176101,Q3,2020,2020-09-30
Q4 2020,British Columbia,5173896,Q4,2020,2020-12-31
Q1 2021,British Columbia,5180015,Q1,2021,2021-03-31
Q2 2021,British Columbia,5200393,Q2,2021,2021-06-30
Q3 2021,British Columbia,5226665,Q3,2021,2021-09-30
Q4 2021,British Columbia,5269491,Q4,2021,2021-12-31
Q1 2022,British Columbia,5287664,Q1,2022,2022-03-31
Q2 2022,British Columbia,5313881,Q2,2022,2022-06-30
Q3 2022,British Columbia,5358845,Q3,2022,2022-09-30
Q4 2022,British Columbia,5406059,Q4,2022,2022-12-31
Q1 2023,British Columbia,5432939,Q1,2023,2023-03-31
Q2 2023,British Columbia,5466566,Q2,2023,2023-06-30
Q3 2023,British Columbia,5515296,Q3,2023,2023-09-30
Q4 2023,British Columbia,5572694,Q4,2023,2023-12-31
Q1 2024,British Columbia,5601024,Q1,2024,2024-03-31
Q2 2024,British Columbia,5638043,Q2,2024,2024-06-30
Q3 2024,British Columbia,5671114,Q3,2024,2024-09-30
Q4 2024,British Columbia,5696852,Q4,2024,2024-12-31
Q1 2025,British Columbia,5699989,Q1,2025,2025-03-31
Q2 2025,British Columbia,5699690,Q2,2025,2025-06-30
Q3 2025,British Columbia,5697536,Q3,2025,2025-09-30
Q1 2010,Canada,33809016,Q1,2010,2010-03-31
Q2 2010,Canada,33890461,Q2,2010,2010-06-30
Q3 2010,Canada,34005902,Q3,2010,2010-09-30
Q4 2010,Canada,34132531,Q4,2010,2010-12-31
Q1 2011,Canada,34166633,Q1,2011,2011-03-31
Q2 2011,Canada,34230555,Q2,2011,2011-06-30
Q3 2011,Canada,34339221,Q3,2011,2011-09-30
Q4 2011,Canada,34457713,Q4,2011,2011-12-31
Q1 2012,Canada,34516032,Q1,2012,2012-03-31
Q2 2012,Canada,34592192,Q2,2012,2012-06-30
Q3 2012,Canada,34713395,Q3,2012,2012-09-30
Q4 2012,Canada,34834973,Q4,2012,2012-12-31
Q1 2013,Canada,34881794,Q1,2013,2013-03-31
Q2 2013,Canada,34956567,Q2,2013,2013-06-30
Q3 2013,Canada,35080992,Q3,2013,2013-09-30
Q4 2013,Canada,35209597,Q4,2013,2013-12-31
Q1 2014,Canada,35247023,Q1,2014,2014-03-31
Q2 2014,Canada,35320540,Q2,2014,2014-06-30
Q3 2014,Canada,35434066,Q3,2014,2014-09-30
Q4 2014,Canada,35555305,Q4,2014,2014-12-31
Q1 2015,Canada,35571043,Q1,2015,2015-03-31
Q2 2015,Canada,35606734,Q2,2015,2015-06-30
Q3 2015,Canada,35704498,Q3,2015,2015-09-30
Q4 2015,Canada,35823591,Q4,2015,2015-12-31
Q1 2016,Canada,35871484,Q1,2016,2016-03-31
Q2 2016,Canada,35970407,Q2,2016,2016-06-30
Q3 2016,Canada,36110803,Q3,2016,2016-09-30
Q4 2016,Canada,36257421,Q4,2016,2016-12-31
Q1 2017,Canada,36313068,Q1,2017,2017-03-31
Q2 2017,Canada,36397141,Q2,2017,2017-06-30
Q3 2017,Canada,36545075,Q3,2017,2017-09-30
Q4 2017,Canada,36722075,Q4,2017,2017-12-31
Q1 2018,Canada,36801579,Q1,2018,2018-03-31
Q2 2018,Canada,36903671,Q2,2018,2018-06-30
Q3 2018,Canada,37072620,Q3,2018,2018-09-30
Q4 2018,Canada,37259485,Q4,2018,2018-12-31
Q1 2019,Canada,37336956,Q1,2019,2019-03-31
Q2 2019,Canada,37437243,Q2,2019,2019-06-30
Q3 2019,Canada,37618495,Q3,2019,2019-09-30
Q4 2019,Canada,37828162,Q4,2019,2019-12-31
Q1 2020,Canada,37928208,Q1,2020,2020-03-31
Q2 2020,Canada,38006941,Q2,2020,2020-06-30
Q3 2020,Canada,38028638,Q3,2020,2020-09-30
Q4 2020,Canada,38027406,Q4,2020,2020-12-31
Q1 2021,Canada,38058291,Q1,2021,2021-03-31
Q2 2021,Canada,38140918,Q2,2021,2021-06-30
Q3 2021,Canada,38239864,Q3,2021,2021-09-30
Q4 2021,Canada,38460257,Q4,2021,2021-12-31
Q1 2022,Canada,38565380,Q1,2022,2022-03-31
Q2 2022,Canada,38693009,Q2,2022,2022-06-30
Q3 2022,Canada,38950132,Q3,2022,2022-09-30
Q4 2022,Canada,39284491,Q4,2022,2022-12-31
Q1 2023,Canada,39501329,Q1,2023,2023-03-31
Q2 2023,Canada,39727297,Q2,2023,2023-06-30
Q3 2023,Canada,40049088,Q3,2023,2023-09-30
Q4 2023,Canada,40467722,Q4,2023,2023-12-31
Q1 2024,Canada,40724526,Q1,2024,2024-03-31
Q2 2024,Canada,40990297,Q2,2024,2024-06-30
Q3 2024,Canada,41262329,Q3,2024,2024-09-30
Q4 2024,Canada,41494132,Q4,2024,2024-12-31
Q1 2025,Canada,41574517,Q1,2025,2025-03-31
Q2 2025,Canada,41604555,Q2,2025,2025-06-30
Q3 2025,Canada,41651653,Q3,2025,2025-09-30
Q1 2010,Manitoba,1213941,Q1,2010,2010-03-31
Q2 2010,Manitoba,1216618,Q2,2010,2010-06-30
Q3 2010,Manitoba,1220782,Q3,2010,2010-09-30
Q4 2010,Manitoba,1224663,Q4,2010,2010-12-31
Q1 2011,Manitoba,1227210,Q1,2011,2011-03-31
Q2 2011,Manitoba,1229058,Q2,2011,2011-06-30
Q3 2011,Manitoba,1233353,Q3,2011,2011-09-30
Q4 2011,Manitoba,1237390,Q4,2011,2011-12-31
Q1 2012,Manitoba,1241417,Q1,2012,2012-03-31
Q2 2012,Manitoba,1244884,Q2,2012,2012-06-30
Q3 2012,Manitoba,1249094,Q3,2012,2012-09-30
Q4 2012,Manitoba,1253210,Q4,2012,2012-12-31
Q1 2013,Manitoba,1256879,Q1,2013,2013-03-31
Q2 2013,Manitoba,1259693,Q2,2013,2013-06-30
Q3 2013,Manitoba,1263393,Q3,2013,2013-09-30
Q4 2013,Manitoba,1267105,Q4,2013,2013-12-31
Q1 2014,Manitoba,1270153,Q1,2014,2014-03-31
Q2 2014,Manitoba,1272914,Q2,2014,2014-06-30
Q3 2014,Manitoba,1277425,Q3,2014,2014-09-30
Q4 2014,Manitoba,1281690,Q4,2014,2014-12-31
Q1 2015,Manitoba,1284693,Q1,2015,2015-03-31
Q2 2015,Manitoba,1286250,Q2,2015,2015-06-30
Q3 2015,Manitoba,1293598,Q3,2015,2015-09-30
Q4 2015,Manitoba,1298120,Q4,2015,2015-12-31
Q1 2016,Manitoba,1302938,Q1,2016,2016-03-31
Q2 2016,Manitoba,1307797,Q2,2016,2016-06-30
Q3 2016,Manitoba,1314140,Q3,2016,2016-09-30
Q4 2016,Manitoba,1319800,Q4,2016,2016-12-31
Q1 2017,Manitoba,1324044,Q1,2017,2017-03-31
Q2 2017,Manitoba,1328337,Q2,2017,2017-06-30
Q3 2017,Manitoba,1334734,Q3,2017,2017-09-30
Q4 2017,Manitoba,1340426,Q4,2017,2017-12-31
Q1 2018,Manitoba,1344198,Q1,2018,2018-03-31
Q2 2018,Manitoba,1346916,Q2,2018,2018-06-30
Q3 2018,Manitoba,1352687,Q3,2018,2018-09-30
Q4 2018,Manitoba,1357856,Q4,2018,2018-12-31
Q1 2019,Manitoba,1361737,Q1,2019,2019-03-31
Q2 2019,Manitoba,1364666,Q2,2019,2019-06-30
Q3 2019,Manitoba,1370033,Q3,2019,2019-09-30
Q4 2019,Manitoba,1373884,Q4,2019,2019-12-31
Q1 2020,Manitoba,1377283,Q1,2020,2020-03-31
Q2 2020,Manitoba,1379280,Q2,2020,2020-06-30
Q3 2020,Manitoba,1380132,Q3,2020,2020-09-30
Q4 2020,Manitoba,1381809,Q4,2020,2020-12-31
Q1 2021,Manitoba,1383854,Q1,2021,2021-03-31
Q2 2021,Manitoba,1388611,Q2,2021,2021-06-30
Q3 2021,Manitoba,1391924,Q3,2021,2021-09-30
Q4 2021,Manitoba,1396656,Q4,2021,2021-12-31
Q1 2022,Manitoba,1400367,Q1,2022,2022-03-31
Q2 2022,Manitoba,1404837,Q2,2022,2022-06-30
Q3 2022,Manitoba,1413498,Q3,2022,2022-09-30
Q4 2022,Manitoba,1424475,Q4,2022,2022-12-31
Q1 2023,Manitoba,1433655,Q1,2023,2023-03-31
Q2 2023,Manitoba,1444049,Q2,2023,2023-06-30
Q3 2023,Manitoba,1453202,Q3,2023,2023-09-30
Q4 2023,Manitoba,1462439,Q4,2023,2023-12-31
Q1 2024,Manitoba,1472261,Q1,2024,2024-03-31
Q2 2024,Manitoba,1483553,Q2,2024,2024-06-30
Q3 2024,Manitoba,1492144,Q3,2024,2024-09-30
Q4 2024,Manitoba,1500464,Q4,2024,2024-12-31
Q1 2025,Manitoba,1505644,Q1,2025,2025-03-31
Q2 2025,Manitoba,1508031,Q2,2025,2025-06-30
Q3 2025,Manitoba,1509702,Q3,2025,2025-09-30
Q1 2010,New Brunswick,751282,Q1,2010,2010-03-31
Q2 2010,New Brunswick,752020,Q2,2010,2010-06-30
Q3 2010,New Brunswick,753034,Q3,2010,2010-09-30
Q4 2010,New Brunswick,754287,Q4,2010,2010-12-31
Q1 2011,New Brunswick,754795,Q1,2011,2011-03-31
Q2 2011,New Brunswick,754843,Q2,2011,2011-06-30
Q3 2011,New Brunswick,755590,Q3,2011,2011-09-30
Q4 2011,New Brunswick,756187,Q4,2011,2011-12-31
Q1 2012,New Brunswick,757039,Q1,2012,2012-03-31
Q2 2012,New Brunswick,757024,Q2,2012,2012-06-30
Q3 2012,New Brunswick,758121,Q3,2012,2012-09-30
Q4 2012,New Brunswick,758408,Q4,2012,2012-12-31
Q1 2013,New Brunswick,758026,Q1,2013,2013-03-31
Q2 2013,New Brunswick,757854,Q2,2013,2013-06-30
Q3 2013,New Brunswick,758261,Q3,2013,2013-09-30
Q4 2013,New Brunswick,758379,Q4,2013,2013-12-31
Q1 2014,New Brunswick,758713,Q1,2014,2014-03-31
Q2 2014,New Brunswick,758570,Q2,2014,2014-06-30
Q3 2014,New Brunswick,758657,Q3,2014,2014-09-30
Q4 2014,New Brunswick,759192,Q4,2014,2014-12-31
Q1 2015,New Brunswick,759270,Q1,2015,2015-03-31
Q2 2015,New Brunswick,758579,Q2,2015,2015-06-30
Q3 2015,New Brunswick,759226,Q3,2015,2015-09-30
Q4 2015,New Brunswick,759971,Q4,2015,2015-12-31
Q1 2016,New Brunswick,760679,Q1,2016,2016-03-31
Q2 2016,New Brunswick,762317,Q2,2016,2016-06-30
Q3 2016,New Brunswick,763322,Q3,2016,2016-09-30
Q4 2016,New Brunswick,764820,Q4,2016,2016-12-31
Q1 2017,New Brunswick,764612,Q1,2017,2017-03-31
Q2 2017,New Brunswick,764859,Q2,2017,2017-06-30
Q3 2017,New Brunswick,766697,Q3,2017,2017-09-30
Q4 2017,New Brunswick,768029,Q4,2017,2017-12-31
Q1 2018,New Brunswick,768146,Q1,2018,2018-03-31
Q2 2018,New Brunswick,768707,Q2,2018,2018-06-30
Q3 2018,New Brunswick,770497,Q3,2018,2018-09-30
Q4 2018,New Brunswick,772793,Q4,2018,2018-12-31
Q1 2019,New Brunswick,773059,Q1,2019,2019-03-31
Q2 2019,New Brunswick,774277,Q2,2019,2019-06-30
Q3 2019,New Brunswick,777387,Q3,2019,2019-09-30
Q4 2019,New Brunswick,780907,Q4,2019,2019-12-31
Q1 2020,New Brunswick,781054,Q1,2020,2020-03-31
Q2 2020,New Brunswick,782512,Q2,2020,2020-06-30
Q3 2020,New Brunswick,783432,Q3,2020,2020-09-30
Q4 2020,New Brunswick,783814,Q4,2020,2020-12-31
Q1 2021,New Brunswick,784950,Q1,2021,2021-03-31
Q2 2021,New Brunswick,787002,Q2,2021,2021-06-30
Q3 2021,New Brunswick,790802,Q3,2021,2021-09-30
Q4 2021,New Brunswick,795691,Q4,2021,2021-12-31
Q1 2022,New Brunswick,798414,Q1,2022,2022-03-31
Q2 2022,New Brunswick,801319,Q2,2022,2022-06-30
Q3 2022,New Brunswick,808869,Q3,2022,2022-09-30
Q4 2022,New Brunswick,816420,Q4,2022,2022-12-31
Q1 2023,New Brunswick,819414,Q1,2023,2023-03-31
Q2 2023,New Brunswick,824150,Q2,2023,2023-06-30
Q3 2023,New Brunswick,831103,Q3,2023,2023-09-30
Q4 2023,New Brunswick,840130,Q4,2023,2023-12-31
Q1 2024,New Brunswick,844859,Q1,2024,2024-03-31
Q2 2024,New Brunswick,850930,Q2,2024,2024-06-30
Q3 2024,New Brunswick,858293,Q3,2024,2024-09-30
Q4 2024,New Brunswick,863841,Q4,2024,2024-12-31
Q1 2025,New Brunswick,865945,Q1,2025,2025-03-31
Q2 2025,New Brunswick,867014,Q2,2025,2025-06-30
Q3 2025,New Brunswick,869682,Q3,2025,2025-09-30
Q1 2010,Newfoundland and Labrador,520276,Q1,2010,2010-03-31
Q2 2010,Newfoundland and Labrador,521197,Q2,2010,2010-06-30
Q3 2010,Newfoundland and Labrador,522002,Q3,2010,2010-09-30
Q4 2010,Newfoundland and Labrador,522861,Q4,2010,2010-12-31
Q1 2011,Newfoundland and Labrador,523723,Q1,2011,2011-03-31
Q2 2011,Newfoundland and Labrador,524238,Q2,2011,2011-06-30
Q3 2011,Newfoundland and Labrador,524955,Q3,2011,2011-09-30
Q4 2011,Newfoundland and Labrador,525845,Q4,2011,2011-12-31
Q1 2012,Newfoundland and Labrador,526115,Q1,2012,2012-03-31
Q2 2012,Newfoundland and Labrador,525550,Q2,2012,2012-06-30
Q3 2012,Newfoundland and Labrador,526235,Q3,2012,2012-09-30
Q4 2012,Newfoundland and Labrador,527065,Q4,2012,2012-12-31
Q1 2013,Newfoundland and Labrador,527129,Q1,2013,2013-03-31
Q2 2013,Newfoundland and Labrador,527177,Q2,2013,2013-06-30
Q3 2013,Newfoundland and Labrador,526960,Q3,2013,2013-09-30
Q4 2013,Newfoundland and Labrador,527948,Q4,2013,2013-12-31
Q1 2014,Newfoundland and Labrador,528065,Q1,2014,2014-03-31
Q2 2014,Newfoundland and Labrador,527314,Q2,2014,2014-06-30
Q3 2014,Newfoundland and Labrador,527970,Q3,2014,2014-09-30
Q4 2014,Newfoundland and Labrador,528266,Q4,2014,2014-12-31
Q1 2015,Newfoundland and Labrador,528161,Q1,2015,2015-03-31
Q2 2015,Newfoundland and Labrador,527859,Q2,2015,2015-06-30
Q3 2015,Newfoundland and Labrador,528348,Q3,2015,2015-09-30
Q4 2015,Newfoundland and Labrador,528843,Q4,2015,2015-12-31
Q1 2016,Newfoundland and Labrador,528903,Q1,2016,2016-03-31
Q2 2016,Newfoundland and Labrador,529083,Q2,2016,2016-06-30
Q3 2016,Newfoundland and Labrador,529586,Q3,2016,2016-09-30
Q4 2016,Newfoundland and Labrador,530368,Q4,2016,2016-12-31
Q1 2017,Newfoundland and Labrador,530175,Q1,2017,2017-03-31
Q2 2017,Newfoundland and Labrador,529700,Q2,2017,2017-06-30
Q3 2017,Newfoundland and Labrador,529742,Q3,2017,2017-09-30
Q4 2017,Newfoundland and Labrador,530153,Q4,2017,2017-12-31
Q1 2018,Newfoundland and Labrador,529743,Q1,2018,2018-03-31
Q2 2018,Newfoundland and Labrador,528924,Q2,2018,2018-06-30
Q3 2018,Newfoundland and Labrador,528402,Q3,2018,2018-09-30
Q4 2018,Newfoundland and Labrador,528926,Q4,2018,2018-12-31
Q1 2019,Newfoundland and Labrador,528326,Q1,2019,2019-03-31
Q2 2019,Newfoundland and Labrador,527993,Q2,2019,2019-06-30
Q3 2019,Newfoundland and Labrador,527643,Q3,2019,2019-09-30
Q4 2019,Newfoundland and Labrador,528442,Q4,2019,2019-12-31
Q1 2020,Newfoundland and Labrador,528231,Q1,2020,2020-03-31
Q2 2020,Newfoundland and Labrador,527733,Q2,2020,2020-06-30
Q3 2020,Newfoundland and Labrador,526884,Q3,2020,2020-09-30
Q4 2020,Newfoundland and Labrador,526046,Q4,2020,2020-12-31
Q1 2021,Newfoundland and Labrador,525895,Q1,2021,2021-03-31
Q2 2021,Newfoundland and Labrador,526195,Q2,2021,2021-06-30
Q3 2021,Newfoundland and Labrador,527056,Q3,2021,2021-09-30
Q4 2021,Newfoundland and Labrador,528342,Q4,2021,2021-12-31
Q1 2022,Newfoundland and Labrador,529008,Q1,2022,2022-03-31
Q2 2022,Newfoundland and Labrador,529054,Q2,2022,2022-06-30
Q3 2022,Newfoundland and Labrador,531257,Q3,2022,2022-09-30
Q4 2022,Newfoundland and Labrador,533194,Q4,2022,2022-12-31
Q1 2023,Newfoundland and Labrador,535147,Q1,2023,2023-03-31
Q2 2023,Newfoundland and Labrador,536635,Q2,2023,2023-06-30
Q3 2023,Newfoundland and Labrador,538789,Q3,2023,2023-09-30
Q4 2023,Newfoundland and Labrador,541126,Q4,2023,2023-12-31
Q1 2024,Newfoundland and Labrador,542449,Q1,2024,2024-03-31
Q2 2024,Newfoundland and Labrador,544318,Q2,2024,2024-06-30
Q3 2024,Newfoundland and Labrador,546869,Q3,2024,2024-09-30
Q4 2024,Newfoundland and Labrador,548402,Q4,2024,2024-12-31
Q1 2025,Newfoundland and Labrador,548842,Q1,2025,2025-03-31
Q2 2025,Newfoundland and Labrador,549456,Q2,2025,2025-06-30
Q3 2025,Newfoundland and Labrador,549911,Q3,2025,2025-09-30
Q1 2010,Northwest Territories 5,42981,Q1,2010,2010-03-31
Q2 2010,Northwest Territories 5,43161,Q2,2010,2010-06-30
Q3 2010,Northwest Territories 5,43292,Q3,2010,2010-09-30
Q4 2010,Northwest Territories 5,43307,Q4,2010,2010-12-31
Q1 2011,Northwest Territories 5,43265,Q1,2011,2011-03-31
Q2 2011,Northwest Territories 5,43263,Q2,2011,2011-06-30
Q3 2011,Northwest Territories 5,43493,Q3,2011,2011-09-30
Q4 2011,Northwest Territories 5,43576,Q4,2011,2011-12-31
Q1 2012,Northwest Territories 5,43630,Q1,2012,2012-03-31
Q2 2012,Northwest Territories 5,43678,Q2,2012,2012-06-30
Q3 2012,Northwest Territories 5,43624,Q3,2012,2012-09-30
Q4 2012,Northwest Territories 5,43656,Q4,2012,2012-12-31
Q1 2013,Northwest Territories 5,43709,Q1,2013,2013-03-31
Q2 2013,Northwest Territories 5,43840,Q2,2013,2013-06-30
Q3 2013,Northwest Territories 5,43774,Q3,2013,2013-09-30
Q4 2013,Northwest Territories 5,43727,Q4,2013,2013-12-31
Q1 2014,Northwest Territories 5,43767,Q1,2014,2014-03-31
Q2 2014,Northwest Territories 5,43760,Q2,2014,2014-06-30
Q3 2014,Northwest Territories 5,43851,Q3,2014,2014-09-30
Q4 2014,Northwest Territories 5,44031,Q4,2014,2014-12-31
Q1 2015,Northwest Territories 5,44106,Q1,2015,2015-03-31
Q2 2015,Northwest Territories 5,44159,Q2,2015,2015-06-30
Q3 2015,Northwest Territories 5,44247,Q3,2015,2015-09-30
Q4 2015,Northwest Territories 5,44443,Q4,2015,2015-12-31
Q1 2016,Northwest Territories 5,44515,Q1,2016,2016-03-31
Q2 2016,Northwest Territories 5,44595,Q2,2016,2016-06-30
Q3 2016,Northwest Territories 5,44624,Q3,2016,2016-09-30
Q4 2016,Northwest Territories 5,44471,Q4,2016,2016-12-31
Q1 2017,Northwest Territories 5,44471,Q1,2017,2017-03-31
Q2 2017,Northwest Territories 5,44626,Q2,2017,2017-06-30
Q3 2017,Northwest Territories 5,44656,Q3,2017,2017-09-30
Q4 2017,Northwest Territories 5,44825,Q4,2017,2017-12-31
Q1 2018,Northwest Territories 5,44730,Q1,2018,2018-03-31
Q2 2018,Northwest Territories 5,44934,Q2,2018,2018-06-30
Q3 2018,Northwest Territories 5,44536,Q3,2018,2018-09-30
Q4 2018,Northwest Territories 5,44487,Q4,2018,2018-12-31
Q1 2019,Northwest Territories 5,44675,Q1,2019,2019-03-31
Q2 2019,Northwest Territories 5,44560,Q2,2019,2019-06-30
Q3 2019,Northwest Territories 5,44442,Q3,2019,2019-09-30
Q4 2019,Northwest Territories 5,44512,Q4,2019,2019-12-31
Q1 2020,Northwest Territories 5,44533,Q1,2020,2020-03-31
Q2 2020,Northwest Territories 5,44565,Q2,2020,2020-06-30
Q3 2020,Northwest Territories 5,44504,Q3,2020,2020-09-30
Q4 2020,Northwest Territories 5,44395,Q4,2020,2020-12-31
Q1 2021,Northwest Territories 5,44432,Q1,2021,2021-03-31
Q2 2021,Northwest Territories 5,44679,Q2,2021,2021-06-30
Q3 2021,Northwest Territories 5,44579,Q3,2021,2021-09-30
Q4 2021,Northwest Territories 5,44573,Q4,2021,2021-12-31
Q1 2022,Northwest Territories 5,44741,Q1,2022,2022-03-31
Q2 2022,Northwest Territories 5,44773,Q2,2022,2022-06-30
Q3 2022,Northwest Territories 5,44631,Q3,2022,2022-09-30
Q4 2022,Northwest Territories 5,44559,Q4,2022,2022-12-31
Q1 2023,Northwest Territories 5,44403,Q1,2023,2023-03-31
Q2 2023,Northwest Territories 5,44402,Q2,2023,2023-06-30
Q3 2023,Northwest Territories 5,44614,Q3,2023,2023-09-30
Q4 2023,Northwest Territories 5,44566,Q4,2023,2023-12-31
Q1 2024,Northwest Territories 5,44655,Q1,2024,2024-03-31
Q2 2024,Northwest Territories 5,45021,Q2,2024,2024-06-30
Q3 2024,Northwest Territories 5,45257,Q3,2024,2024-09-30
Q4 2024,Northwest Territories 5,45520,Q4,2024,2024-12-31
Q1 2025,Northwest Territories 5,45679,Q1,2025,2025-03-31
Q2 2025,Northwest Territories 5,45875,Q2,2025,2025-06-30
Q3 2025,Northwest Territories 5,45950,Q3,2025,2025-09-30
Q1 2010,Nova Scotia,940879,Q1,2010,2010-03-31
Q2 2010,Nova Scotia,940967,Q2,2010,2010-06-30
Q3 2010,Nova Scotia,942144,Q3,2010,2010-09-30
Q4 2010,Nova Scotia,944201,Q4,2010,2010-12-31
Q1 2011,Nova Scotia,944082,Q1,2011,2011-03-31
Q2 2011,Nova Scotia,943921,Q2,2011,2011-06-30
Q3 2011,Nova Scotia,944095,Q3,2011,2011-09-30
Q4 2011,Nova Scotia,944645,Q4,2011,2011-12-31
Q1 2012,Nova Scotia,943907,Q1,2012,2012-03-31
Q2 2012,Nova Scotia,943317,Q2,2012,2012-06-30
Q3 2012,Nova Scotia,943163,Q3,2012,2012-09-30
Q4 2012,Nova Scotia,942829,Q4,2012,2012-12-31
Q1 2013,Nova Scotia,942045,Q1,2013,2013-03-31
Q2 2013,Nova Scotia,940647,Q2,2013,2013-06-30
Q3 2013,Nova Scotia,939808,Q3,2013,2013-09-30
Q4 2013,Nova Scotia,939442,Q4,2013,2013-12-31
Q1 2014,Nova Scotia,939166,Q1,2014,2014-03-31
Q2 2014,Nova Scotia,938175,Q2,2014,2014-06-30
Q3 2014,Nova Scotia,937768,Q3,2014,2014-09-30
Q4 2014,Nova Scotia,938157,Q4,2014,2014-12-31
Q1 2015,Nova Scotia,937442,Q1,2015,2015-03-31
Q2 2015,Nova Scotia,935380,Q2,2015,2015-06-30
Q3 2015,Nova Scotia,937419,Q3,2015,2015-09-30
Q4 2015,Nova Scotia,938914,Q4,2015,2015-12-31
Q1 2016,Nova Scotia,938973,Q1,2016,2016-03-31
Q2 2016,Nova Scotia,940471,Q2,2016,2016-06-30
Q3 2016,Nova Scotia,942984,Q3,2016,2016-09-30
Q4 2016,Nova Scotia,946623,Q4,2016,2016-12-31
Q1 2017,Nova Scotia,947023,Q1,2017,2017-03-31
Q2 2017,Nova Scotia,948945,Q2,2017,2017-06-30
Q3 2017,Nova Scotia,952159,Q3,2017,2017-09-30
Q4 2017,Nova Scotia,956074,Q4,2017,2017-12-31
Q1 2018,Nova Scotia,956711,Q1,2018,2018-03-31
Q2 2018,Nova Scotia,957883,Q2,2018,2018-06-30
Q3 2018,Nova Scotia,962072,Q3,2018,2018-09-30
Q4 2018,Nova Scotia,967578,Q4,2018,2018-12-31
Q1 2019,Nova Scotia,968724,Q1,2019,2019-03-31
Q2 2019,Nova Scotia,970680,Q2,2019,2019-06-30
Q3 2019,Nova Scotia,975799,Q3,2019,2019-09-30
Q4 2019,Nova Scotia,982592,Q4,2019,2019-12-31
Q1 2020,Nova Scotia,984130,Q1,2020,2020-03-31
Q2 2020,Nova Scotia,986204,Q2,2020,2020-06-30
Q3 2020,Nova Scotia,989168,Q3,2020,2020-09-30
Q4 2020,Nova Scotia,989154,Q4,2020,2020-12-31
Q1 2021,Nova Scotia,990025,Q1,2021,2021-03-31
Q2 2021,Nova Scotia,993946,Q2,2021,2021-06-30
Q3 2021,Nova Scotia,999908,Q3,2021,2021-09-30
Q4 2021,Nova Scotia,1006562,Q4,2021,2021-12-31
Q1 2022,Nova Scotia,1009355,Q1,2022,2022-03-31
Q2 2022,Nova Scotia,1013351,Q2,2022,2022-06-30
Q3 2022,Nova Scotia,1024034,Q3,2022,2022-09-30
Q4 2022,Nova Scotia,1033146,Q4,2022,2022-12-31
Q1 2023,Nova Scotia,1036868,Q1,2023,2023-03-31
Q2 2023,Nova Scotia,1043723,Q2,2023,2023-06-30
Q3 2023,Nova Scotia,1053005,Q3,2023,2023-09-30
Q4 2023,Nova Scotia,1062825,Q4,2023,2023-12-31
Q1 2024,Nova Scotia,1067878,Q1,2024,2024-03-31
Q2 2024,Nova Scotia,1074020,Q2,2024,2024-06-30
Q3 2024,Nova Scotia,1082769,Q3,2024,2024-09-30
Q4 2024,Nova Scotia,1088273,Q4,2024,2024-12-31
Q1 2025,Nova Scotia,1089187,Q1,2025,2025-03-31
Q2 2025,Nova Scotia,1091037,Q2,2025,2025-06-30
Q3 2025,Nova Scotia,1093245,Q3,2025,2025-09-30
Q1 2010,Nunavut 5,32926,Q1,2010,2010-03-31
Q2 2010,Nunavut 5,33143,Q2,2010,2010-06-30
Q3 2010,Nunavut 5,33359,Q3,2010,2010-09-30
Q4 2010,Nunavut 5,33577,Q4,2010,2010-12-31
Q1 2011,Nunavut 5,33736,Q1,2011,2011-03-31
Q2 2011,Nunavut 5,33925,Q2,2011,2011-06-30
Q3 2011,Nunavut 5,34185,Q3,2011,2011-09-30
Q4 2011,Nunavut 5,34335,Q4,2011,2011-12-31
Q1 2012,Nunavut 5,34403,Q1,2012,2012-03-31
Q2 2012,Nunavut 5,34579,Q2,2012,2012-06-30
Q3 2012,Nunavut 5,34658,Q3,2012,2012-09-30
Q4 2012,Nunavut 5,34830,Q4,2012,2012-12-31
Q1 2013,Nunavut 5,34963,Q1,2013,2013-03-31
Q2 2013,Nunavut 5,34987,Q2,2013,2013-06-30
Q3 2013,Nunavut 5,35330,Q3,2013,2013-09-30
Q4 2013,Nunavut 5,35536,Q4,2013,2013-12-31
Q1 2014,Nunavut 5,35583,Q1,2014,2014-03-31
Q2 2014,Nunavut 5,35801,Q2,2014,2014-06-30
Q3 2014,Nunavut 5,35966,Q3,2014,2014-09-30
Q4 2014,Nunavut 5,36100,Q4,2014,2014-12-31
Q1 2015,Nunavut 5,36214,Q1,2015,2015-03-31
Q2 2015,Nunavut 5,36277,Q2,2015,2015-06-30
Q3 2015,Nunavut 5,36490,Q3,2015,2015-09-30
Q4 2015,Nunavut 5,36602,Q4,2015,2015-12-31
Q1 2016,Nunavut 5,36718,Q1,2016,2016-03-31
Q2 2016,Nunavut 5,36766,Q2,2016,2016-06-30
Q3 2016,Nunavut 5,36979,Q3,2016,2016-09-30
Q4 2016,Nunavut 5,37084,Q4,2016,2016-12-31
Q1 2017,Nunavut 5,37246,Q1,2017,2017-03-31
Q2 2017,Nunavut 5,37431,Q2,2017,2017-06-30
Q3 2017,Nunavut 5,37656,Q3,2017,2017-09-30
Q4 2017,Nunavut 5,37829,Q4,2017,2017-12-31
Q1 2018,Nunavut 5,37830,Q1,2018,2018-03-31
Q2 2018,Nunavut 5,37976,Q2,2018,2018-06-30
Q3 2018,Nunavut 5,38322,Q3,2018,2018-09-30
Q4 2018,Nunavut 5,38487,Q4,2018,2018-12-31
Q1 2019,Nunavut 5,38574,Q1,2019,2019-03-31
Q2 2019,Nunavut 5,38764,Q2,2019,2019-06-30
Q3 2019,Nunavut 5,38839,Q3,2019,2019-09-30
Q4 2019,Nunavut 5,38893,Q4,2019,2019-12-31
Q1 2020,Nunavut 5,39010,Q1,2020,2020-03-31
Q2 2020,Nunavut 5,39137,Q2,2020,2020-06-30
Q3 2020,Nunavut 5,39479,Q3,2020,2020-09-30
Q4 2020,Nunavut 5,39581,Q4,2020,2020-12-31
Q1 2021,Nunavut 5,39750,Q1,2021,2021-03-31
Q2 2021,Nunavut 5,39879,Q2,2021,2021-06-30
Q3 2021,Nunavut 5,40086,Q3,2021,2021-09-30
Q4 2021,Nunavut 5,40245,Q4,2021,2021-12-31
Q1 2022,Nunavut 5,40343,Q1,2022,2022-03-31
Q2 2022,Nunavut 5,40579,Q2,2022,2022-06-30
Q3 2022,Nunavut 5,40603,Q3,2022,2022-09-30
Q4 2022,Nunavut 5,40677,Q4,2022,2022-12-31
Q1 2023,Nunavut 5,40797,Q1,2023,2023-03-31
Q2 2023,Nunavut 5,40784,Q2,2023,2023-06-30
Q3 2023,Nunavut 5,40916,Q3,2023,2023-09-30
Q4 2023,Nunavut 5,41089,Q4,2023,2023-12-31
Q1 2024,Nunavut 5,41051,Q1,2024,2024-03-31
Q2 2024,Nunavut 5,41137,Q2,2024,2024-06-30
Q3 2024,Nunavut 5,41410,Q3,2024,2024-09-30
Q4 2024,Nunavut 5,41486,Q4,2024,2024-12-31
Q1 2025,Nunavut 5,41651,Q1,2025,2025-03-31
Q2 2025,Nunavut 5,41798,Q2,2025,2025-06-30
Q3 2025,Nunavut 5,41830,Q3,2025,2025-09-30
Q1 2010,Ontario,13059426,Q1,2010,2010-03-31
Q2 2010,Ontario,13088924,Q2,2010,2010-06-30
Q3 2010,Ontario,13136481,Q3,2010,2010-09-30
Q4 2010,Ontario,13189987,Q4,2010,2010-12-31
Q1 2011,Ontario,13199081,Q1,2011,2011-03-31
Q2 2011,Ontario,13222146,Q2,2011,2011-06-30
Q3 2011,Ontario,13262345,Q3,2011,2011-09-30
Q4 2011,Ontario,13310604,Q4,2011,2011-12-31
Q1 2012,Ontario,13325337,Q1,2012,2012-03-31
Q2 2012,Ontario,13350123,Q2,2012,2012-06-30
Q3 2012,Ontario,13392364,Q3,2012,2012-09-30
Q4 2012,Ontario,13436625,Q4,2012,2012-12-31
Q1 2013,Ontario,13446276,Q1,2013,2013-03-31
Q2 2013,Ontario,13469151,Q2,2013,2013-06-30
Q3 2013,Ontario,13511902,Q3,2013,2013-09-30
Q4 2013,Ontario,13559499,Q4,2013,2013-12-31
Q1 2014,Ontario,13563311,Q1,2014,2014-03-31
Q2 2014,Ontario,13583220,Q2,2014,2014-06-30
Q3 2014,Ontario,13617763,Q3,2014,2014-09-30
Q4 2014,Ontario,13661282,Q4,2014,2014-12-31
Q1 2015,Ontario,13657423,Q1,2015,2015-03-31
Q2 2015,Ontario,13669290,Q2,2015,2015-06-30
Q3 2015,Ontario,13709293,Q3,2015,2015-09-30
Q4 2015,Ontario,13759762,Q4,2015,2015-12-31
Q1 2016,Ontario,13774364,Q1,2016,2016-03-31
Q2 2016,Ontario,13816652,Q2,2016,2016-06-30
Q3 2016,Ontario,13876500,Q3,2016,2016-09-30
Q4 2016,Ontario,13948180,Q4,2016,2016-12-31
Q1 2017,Ontario,13975516,Q1,2017,2017-03-31
Q2 2017,Ontario,14012209,Q2,2017,2017-06-30
Q3 2017,Ontario,14078499,Q3,2017,2017-09-30
Q4 2017,Ontario,14161084,Q4,2017,2017-12-31
Q1 2018,Ontario,14199811,Q1,2018,2018-03-31
Q2 2018,Ontario,14251136,Q2,2018,2018-06-30
Q3 2018,Ontario,14326746,Q3,2018,2018-09-30
Q4 2018,Ontario,14413055,Q4,2018,2018-12-31
Q1 2019,Ontario,14449986,Q1,2019,2019-03-31
Q2 2019,Ontario,14493612,Q2,2019,2019-06-30
Q3 2019,Ontario,14573565,Q3,2019,2019-09-30
Q4 2019,Ontario,14666727,Q4,2019,2019-12-31
Q1 2020,Ontario,14718155,Q1,2020,2020-03-31
Q2 2020,Ontario,14752374,Q2,2020,2020-06-30
Q3 2020,Ontario,14761811,Q3,2020,2020-09-30
Q4 2020,Ontario,14757582,Q4,2020,2020-12-31
Q1 2021,Ontario,14772726,Q1,2021,2021-03-31
Q2 2021,Ontario,14808093,Q2,2021,2021-06-30
Q3 2021,Ontario,14842488,Q3,2021,2021-09-30
Q4 2021,Ontario,14947417,Q4,2021,2021-12-31
Q1 2022,Ontario,14997903,Q1,2022,2022-03-31
Q2 2022,Ontario,15051975,Q2,2022,2022-06-30
Q3 2022,Ontario,15155836,Q3,2022,2022-09-30
Q4 2022,Ontario,15305369,Q4,2022,2022-12-31
Q1 2023,Ontario,15407970,Q1,2023,2023-03-31
Q2 2023,Ontario,15495050,Q2,2023,2023-06-30
Q3 2023,Ontario,15632481,Q3,2023,2023-09-30
Q4 2023,Ontario,15823956,Q4,2023,2023-12-31
Q1 2024,Ontario,15946146,Q1,2024,2024-03-31
Q2 2024,Ontario,16046534,Q2,2024,2024-06-30
Q3 2024,Ontario,16144797,Q3,2024,2024-09-30
Q4 2024,Ontario,16228152,Q4,2024,2024-12-31
Q1 2025,Ontario,16255550,Q1,2025,2025-03-31
Q2 2025,Ontario,16256538,Q2,2025,2025-06-30
Q3 2025,Ontario,16258260,Q3,2025,2025-09-30
Q1 2010,Prince Edward Island,140598,Q1,2010,2010-03-31
Q2 2010,Prince Edward Island,140978,Q2,2010,2010-06-30
Q3 2010,Prince Edward Island,141644,Q3,2010,2010-09-30
Q4 2010,Prince Edward Island,142725,Q4,2010,2010-12-31
Q1 2011,Prince Edward Island,143016,Q1,2011,2011-03-31
Q2 2011,Prince Edward Island,143265,Q2,2011,2011-06-30
Q3 2011,Prince Edward Island,143918,Q3,2011,2011-09-30
Q4 2011,Prince Edward Island,144283,Q4,2011,2011-12-31
Q1 2012,Prince Edward Island,144208,Q1,2012,2012-03-31
Q2 2012,Prince Edward Island,144365,Q2,2012,2012-06-30
Q3 2012,Prince Edward Island,144415,Q3,2012,2012-09-30
Q4 2012,Prince Edward Island,144396,Q4,2012,2012-12-31
Q1 2013,Prince Edward Island,144041,Q1,2013,2013-03-31
Q2 2013,Prince Edward Island,143807,Q2,2013,2013-06-30
Q3 2013,Prince Edward Island,143942,Q3,2013,2013-09-30
Q4 2013,Prince Edward Island,143943,Q4,2013,2013-12-31
Q1 2014,Prince Edward Island,143828,Q1,2014,2014-03-31
Q2 2014,Prince Edward Island,143810,Q2,2014,2014-06-30
Q3 2014,Prince Edward Island,144095,Q3,2014,2014-09-30
Q4 2014,Prince Edward Island,144342,Q4,2014,2014-12-31
Q1 2015,Prince Edward Island,144162,Q1,2015,2015-03-31
Q2 2015,Prince Edward Island,144046,Q2,2015,2015-06-30
Q3 2015,Prince Edward Island,144636,Q3,2015,2015-09-30
Q4 2015,Prince Edward Island,144949,Q4,2015,2015-12-31
Q1 2016,Prince Edward Island,145238,Q1,2016,2016-03-31
Q2 2016,Prince Edward Island,145792,Q2,2016,2016-06-30
Q3 2016,Prince Edward Island,146891,Q3,2016,2016-09-30
Q4 2016,Prince Edward Island,147699,Q4,2016,2016-12-31
Q1 2017,Prince Edward Island,147811,Q1,2017,2017-03-31
Q2 2017,Prince Edward Island,148354,Q2,2017,2017-06-30
Q3 2017,Prince Edward Island,149740,Q3,2017,2017-09-30
Q4 2017,Prince Edward Island,150595,Q4,2017,2017-12-31
Q1 2018,Prince Edward Island,150619,Q1,2018,2018-03-31
Q2 2018,Prince Edward Island,151008,Q2,2018,2018-06-30
Q3 2018,Prince Edward Island,152259,Q3,2018,2018-09-30
Q4 2018,Prince Edward Island,153906,Q4,2018,2018-12-31
Q1 2019,Prince Edward Island,153881,Q1,2019,2019-03-31
Q2 2019,Prince Edward Island,154409,Q2,2019,2019-06-30
Q3 2019,Prince Edward Island,155792,Q3,2019,2019-09-30
Q4 2019,Prince Edward Island,157025,Q4,2019,2019-12-31
Q1 2020,Prince Edward Island,157494,Q1,2020,2020-03-31
Q2 2020,Prince Edward Island,158401,Q2,2020,2020-06-30
Q3 2020,Prince Edward Island,159193,Q3,2020,2020-09-30
Q4 2020,Prince Edward Island,159179,Q4,2020,2020-12-31
Q1 2021,Prince Edward Island,159240,Q1,2021,2021-03-31
Q2 2021,Prince Edward Island,160334,Q2,2021,2021-06-30
Q3 2021,Prince Edward Island,162133,Q3,2021,2021-09-30
Q4 2021,Prince Edward Island,163580,Q4,2021,2021-12-31
Q1 2022,Prince Edward Island,164058,Q1,2022,2022-03-31
Q2 2022,Prince Edward Island,165396,Q2,2022,2022-06-30
Q3 2022,Prince Edward Island,167200,Q3,2022,2022-09-30
Q4 2022,Prince Edward Island,168939,Q4,2022,2022-12-31
Q1 2023,Prince Edward Island,169942,Q1,2023,2023-03-31
Q2 2023,Prince Edward Island,171736,Q2,2023,2023-06-30
Q3 2023,Prince Edward Island,173734,Q3,2023,2023-09-30
Q4 2023,Prince Edward Island,176173,Q4,2023,2023-12-31
Q1 2024,Prince Edward Island,176757,Q1,2024,2024-03-31
Q2 2024,Prince Edward Island,178022,Q2,2024,2024-06-30
Q3 2024,Prince Edward Island,179709,Q3,2024,2024-09-30
Q4 2024,Prince Edward Island,180877,Q4,2024,2024-12-31
Q1 2025,Prince Edward Island,180686,Q1,2025,2025-03-31
Q2 2025,Prince Edward Island,181289,Q2,2025,2025-06-30
Q3 2025,Prince Edward Island,182657,Q3,2025,2025-09-30
Q1 2010,Quebec,7886127,Q1,2010,2010-03-31
Q2 2010,Quebec,7903676,Q2,2010,2010-06-30
Q3 2010,Quebec,7929479,Q3,2010,2010-09-30
Q4 2010,Quebec,7955183,Q4,2010,2010-12-31
Q1 2011,Quebec,7967270,Q1,2011,2011-03-31
Q2 2011,Quebec,7982145,Q2,2011,2011-06-30
Q3 2011,Quebec,8004736,Q3,2011,2011-09-30
Q4 2011,Quebec,8021063,Q4,2011,2011-12-31
Q1 2012,Quebec,8028516,Q1,2012,2012-03-31
Q2 2012,Quebec,8038332,Q2,2012,2012-06-30
Q3 2012,Quebec,8059752,Q3,2012,2012-09-30
Q4 2012,Quebec,8076838,Q4,2012,2012-12-31
Q1 2013,Quebec,8081006,Q1,2013,2013-03-31
Q2 2013,Quebec,8089004,Q2,2013,2013-06-30
Q3 2013,Quebec,8108825,Q3,2013,2013-09-30
Q4 2013,Quebec,8122462,Q4,2013,2013-12-31
Q1 2014,Quebec,8123138,Q1,2014,2014-03-31
Q2 2014,Quebec,8129926,Q2,2014,2014-06-30
Q3 2014,Quebec,8147535,Q3,2014,2014-09-30
Q4 2014,Quebec,8162631,Q4,2014,2014-12-31
Q1 2015,Quebec,8160176,Q1,2015,2015-03-31
Q2 2015,Quebec,8159968,Q2,2015,2015-06-30
Q3 2015,Quebec,8175743,Q3,2015,2015-09-30
Q4 2015,Quebec,8190074,Q4,2015,2015-12-31
Q1 2016,Quebec,8193831,Q1,2016,2016-03-31
Q2 2016,Quebec,8204229,Q2,2016,2016-06-30
Q3 2016,Quebec,8225036,Q3,2016,2016-09-30
Q4 2016,Quebec,8246383,Q4,2016,2016-12-31
Q1 2017,Quebec,8252179,Q1,2017,2017-03-31
Q2 2017,Quebec,8265839,Q2,2017,2017-06-30
Q3 2017,Quebec,8292832,Q3,2017,2017-09-30
Q4 2017,Quebec,8326075,Q4,2017,2017-12-31
Q1 2018,Quebec,8338883,Q1,2018,2018-03-31
Q2 2018,Quebec,8354460,Q2,2018,2018-06-30
Q3 2018,Quebec,8386951,Q3,2018,2018-09-30
Q4 2018,Quebec,8418646,Q4,2018,2018-12-31
Q1 2019,Quebec,8430363,Q1,2019,2019-03-31
Q2 2019,Quebec,8447632,Q2,2019,2019-06-30
Q3 2019,Quebec,8483186,Q3,2019,2019-09-30
Q4 2019,Quebec,8521542,Q4,2019,2019-12-31
Q1 2020,Quebec,8537376,Q1,2020,2020-03-31
Q2 2020,Quebec,8550900,Q2,2020,2020-06-30
Q3 2020,Quebec,8551095,Q3,2020,2020-09-30
Q4 2020,Quebec,8551865,Q4,2020,2020-12-31
Q1 2021,Quebec,8550561,Q1,2021,2021-03-31
Q2 2021,Quebec,8556015,Q2,2021,2021-06-30
Q3 2021,Quebec,8572020,Q3,2021,2021-09-30
Q4 2021,Quebec,8604508,Q4,2021,2021-12-31
Q1 2022,Quebec,8613282,Q1,2022,2022-03-31
Q2 2022,Quebec,8628480,Q2,2022,2022-06-30
Q3 2022,Quebec,8669963,Q3,2022,2022-09-30
Q4 2022,Quebec,8718914,Q4,2022,2022-12-31
Q1 2023,Quebec,8742975,Q1,2023,2023-03-31
Q2 2023,Quebec,8772140,Q2,2023,2023-06-30
Q3 2023,Quebec,8821696,Q3,2023,2023-09-30
Q4 2023,Quebec,8882501,Q4,2023,2023-12-31
Q1 2024,Quebec,8909038,Q1,2024,2024-03-31
Q2 2024,Quebec,8945468,Q2,2024,2024-06-30
Q3 2024,Quebec,8995474,Q3,2024,2024-09-30
Q4 2024,Quebec,9038268,Q4,2024,2024-12-31
Q1 2025,Quebec,9043463,Q1,2025,2025-03-31
Q2 2025,Quebec,9041123,Q2,2025,2025-06-30
Q3 2025,Quebec,9058297,Q3,2025,2025-09-30
Q1 2010,Saskatchewan,1042936,Q1,2010,2010-03-31
Q2 2010,Saskatchewan,1046779,Q2,2010,2010-06-30
Q3 2010,Saskatchewan,1051426,Q3,2010,2010-09-30
Q4 2010,Saskatchewan,1056102,Q4,2010,2010-12-31
Q1 2011,Saskatchewan,1058969,Q1,2011,2011-03-31
Q2 2011,Saskatchewan,1061484,Q2,2011,2011-06-30
Q3 2011,Saskatchewan,1065661,Q3,2011,2011-09-30
Q4 2011,Saskatchewan,1069950,Q4,2011,2011-12-31
Q1 2012,Saskatchewan,1073565,Q1,2012,2012-03-31
Q2 2012,Saskatchewan,1077170,Q2,2012,2012-06-30
Q3 2012,Saskatchewan,1083005,Q3,2012,2012-09-30
Q4 2012,Saskatchewan,1088177,Q4,2012,2012-12-31
Q1 2013,Saskatchewan,1090738,Q1,2013,2013-03-31
Q2 2013,Saskatchewan,1093549,Q2,2013,2013-06-30
Q3 2013,Saskatchewan,1098868,Q3,2013,2013-09-30
Q4 2013,Saskatchewan,1102832,Q4,2013,2013-12-31
Q1 2014,Saskatchewan,1105444,Q1,2014,2014-03-31
Q2 2014,Saskatchewan,1108674,Q2,2014,2014-06-30
Q3 2014,Saskatchewan,1111989,Q3,2014,2014-09-30
Q4 2014,Saskatchewan,1115184,Q4,2014,2014-12-31
Q1 2015,Saskatchewan,1117137,Q1,2015,2015-03-31
Q2 2015,Saskatchewan,1117736,Q2,2015,2015-06-30
Q3 2015,Saskatchewan,1122210,Q3,2015,2015-09-30
Q4 2015,Saskatchewan,1125588,Q4,2015,2015-12-31
Q1 2016,Saskatchewan,1128160,Q1,2016,2016-03-31
Q2 2016,Saskatchewan,1131285,Q2,2016,2016-06-30
Q3 2016,Saskatchewan,1135496,Q3,2016,2016-09-30
Q4 2016,Saskatchewan,1139492,Q4,2016,2016-12-31
Q1 2017,Saskatchewan,1141537,Q1,2017,2017-03-31
Q2 2017,Saskatchewan,1143829,Q2,2017,2017-06-30
Q3 2017,Saskatchewan,1147315,Q3,2017,2017-09-30
Q4 2017,Saskatchewan,1151044,Q4,2017,2017-12-31
Q1 2018,Saskatchewan,1152366,Q1,2018,2018-03-31
Q2 2018,Saskatchewan,1153530,Q2,2018,2018-06-30
Q3 2018,Saskatchewan,1156210,Q3,2018,2018-09-30
Q4 2018,Saskatchewan,1159648,Q4,2018,2018-12-31
Q1 2019,Saskatchewan,1161529,Q1,2019,2019-03-31
Q2 2019,Saskatchewan,1161787,Q2,2019,2019-06-30
Q3 2019,Saskatchewan,1164223,Q3,2019,2019-09-30
Q4 2019,Saskatchewan,1167271,Q4,2019,2019-12-31
Q1 2020,Saskatchewan,1169426,Q1,2020,2020-03-31
Q2 2020,Saskatchewan,1169038,Q2,2020,2020-06-30
Q3 2020,Saskatchewan,1167386,Q3,2020,2020-09-30
Q4 2020,Saskatchewan,1165963,Q4,2020,2020-12-31
Q1 2021,Saskatchewan,1166348,Q1,2021,2021-03-31
Q2 2021,Saskatchewan,1167711,Q2,2021,2021-06-30
Q3 2021,Saskatchewan,1167711,Q3,2021,2021-09-30
Q4 2021,Saskatchewan,1168934,Q4,2021,2021-12-31
Q1 2022,Saskatchewan,1171063,Q1,2022,2022-03-31
Q2 2022,Saskatchewan,1173461,Q2,2022,2022-06-30
Q3 2022,Saskatchewan,1178796,Q3,2022,2022-09-30
Q4 2022,Saskatchewan,1188295,Q4,2022,2022-12-31
Q1 2023,Saskatchewan,1195840,Q1,2023,2023-03-31
Q2 2023,Saskatchewan,1201624,Q2,2023,2023-06-30
Q3 2023,Saskatchewan,1210257,Q3,2023,2023-09-30
Q4 2023,Saskatchewan,1222152,Q4,2023,2023-12-31
Q1 2024,Saskatchewan,1230316,Q1,2024,2024-03-31
Q2 2024,Saskatchewan,1238591,Q2,2024,2024-06-30
Q3 2024,Saskatchewan,1247868,Q3,2024,2024-09-30
Q4 2024,Saskatchewan,1256983,Q4,2024,2024-12-31
Q1 2025,Saskatchewan,1261524,Q1,2025,2025-03-31
Q2 2025,Saskatchewan,1264537,Q2,2025,2025-06-30
Q3 2025,Saskatchewan,1266959,Q3,2025,2025-09-30
Q1 2010,Yukon,34009,Q1,2010,2010-03-31
Q2 2010,Yukon,34243,Q2,2010,2010-06-30
Q3 2010,Yukon,34598,Q3,2010,2010-09-30
Q4 2010,Yukon,34790,Q4,2010,2010-12-31
Q1 2011,Yukon,34802,Q1,2011,2011-03-31
Q2 2011,Yukon,34984,Q2,2011,2011-06-30
Q3 2011,Yukon,35366,Q3,2011,2011-09-30
Q4 2011,Yukon,35578,Q4,2011,2011-12-31
Q1 2012,Yukon,35695,Q1,2012,2012-03-31
Q2 2012,Yukon,35757,Q2,2012,2012-06-30
Q3 2012,Yukon,36151,Q3,2012,2012-09-30
Q4 2012,Yukon,36347,Q4,2012,2012-12-31
Q1 2013,Yukon,36299,Q1,2013,2013-03-31
Q2 2013,Yukon,36242,Q2,2013,2013-06-30
Q3 2013,Yukon,36454,Q3,2013,2013-09-30
Q4 2013,Yukon,36384,Q4,2013,2013-12-31
Q1 2014,Yukon,36333,Q1,2014,2014-03-31
Q2 2014,Yukon,36626,Q2,2014,2014-06-30
Q3 2014,Yukon,37085,Q3,2014,2014-09-30
Q4 2014,Yukon,37223,Q4,2014,2014-12-31
Q1 2015,Yukon,37123,Q1,2015,2015-03-31
Q2 2015,Yukon,37330,Q2,2015,2015-06-30
Q3 2015,Yukon,37669,Q3,2015,2015-09-30
Q4 2015,Yukon,37730,Q4,2015,2015-12-31
Q1 2016,Yukon,37756,Q1,2016,2016-03-31
Q2 2016,Yukon,38025,Q2,2016,2016-06-30
Q3 2016,Yukon,38549,Q3,2016,2016-09-30
Q4 2016,Yukon,38724,Q4,2016,2016-12-31
Q1 2017,Yukon,38801,Q1,2017,2017-03-31
Q2 2017,Yukon,39108,Q2,2017,2017-06-30
Q3 2017,Yukon,39533,Q3,2017,2017-09-30
Q4 2017,Yukon,39705,Q4,2017,2017-12-31
Q1 2018,Yukon,39873,Q1,2018,2018-03-31
Q2 2018,Yukon,40037,Q2,2018,2018-06-30
Q3 2018,Yukon,40403,Q3,2018,2018-09-30
Q4 2018,Yukon,40533,Q4,2018,2018-12-31
Q1 2019,Yukon,40716,Q1,2019,2019-03-31
Q2 2019,Yukon,40779,Q2,2019,2019-06-30
Q3 2019,Yukon,41187,Q3,2019,2019-09-30
Q4 2019,Yukon,41460,Q4,2019,2019-12-31
Q1 2020,Yukon,41505,Q1,2020,2020-03-31
Q2 2020,Yukon,41807,Q2,2020,2020-06-30
Q3 2020,Yukon,41958,Q3,2020,2020-09-30
Q4 2020,Yukon,42109,Q4,2020,2020-12-31
Q1 2021,Yukon,42157,Q1,2021,2021-03-31
Q2 2021,Yukon,42443,Q2,2021,2021-06-30
Q3 2021,Yukon,42961,Q3,2021,2021-09-30
Q4 2021,Yukon,43129,Q4,2021,2021-12-31
Q1 2022,Yukon,43046,Q1,2022,2022-03-31
Q2 2022,Yukon,43400,Q2,2022,2022-06-30
Q3 2022,Yukon,43869,Q3,2022,2022-09-30
Q4 2022,Yukon,44169,Q4,2022,2022-12-31
Q1 2023,Yukon,44478,Q1,2023,2023-03-31
Q2 2023,Yukon,44823,Q2,2023,2023-06-30
Q3 2023,Yukon,45419,Q3,2023,2023-09-30
Q4 2023,Yukon,45898,Q4,2023,2023-12-31
Q1 2024,Yukon,46286,Q1,2024,2024-03-31
Q2 2024,Yukon,46965,Q2,2024,2024-06-30
Q3 2024,Yukon,47595,Q3,2024,2024-09-30
Q4 2024,Yukon,47939,Q4,2024,2024-12-31
Q1 2025,Yukon,48176,Q1,2025,2025-03-31
Q2 2025,Yukon,48089,Q2,2025,2025-06-30
Q3 2025,Yukon,48278,Q3,2025,2025-09-30
